,0,1,2,3,4,5,6,7,8,9,10,11,12,13,14,15,16,17,18,19
0,0.14964679189810437,56.541711876783566,27.353384213260576,0.04983366417860413,38.687937133575176,0.24084051860483527,104.57384989411464,14.196599958119837,2.1685094015381416,19.520143806294694,9.043148820251277,-0.33337153650900525,1.0011590152840313,170.06301897350406,2.1449253008045046,-0.8760346046570717,10.936636800506538,0.12759237637760226,3.2440412524743687,1.8777949028040382
1,0.14964679189810437,56.541711876783566,2.1032540522107293,0.04983366417860413,38.687937133575176,0.24084051860483527,104.57384989411464,14.196599958119837,2.1685094015381416,19.520143806294694,9.043148820251277,-0.33337153650900525,1.0011590152840313,26.59403621678586,2.1449253008045046,-0.8760346046570717,10.936636800506538,0.12759237637760226,3.2440412524743687,1.8777949028040382
2,0.14964679189810437,56.541711876783566,2.1032540522107293,0.04983366417860413,38.687937133575176,0.24084051860483527,104.57384989411464,12.031509638085282,2.1685094015381416,19.520143806294694,9.043148820251277,-0.33337153650900525,0.45579626443208104,26.59403621678586,2.1449253008045046,-0.8760346046570717,10.936636800506538,0.12759237637760226,3.2440412524743687,1.8777949028040382
3,0.14964679189810437,56.541711876783566,2.1032540522107293,0.04983366417860413,32.38028882146366,0.24084051860483527,41.132732567626135,12.031509638085282,2.1685094015381416,19.520143806294694,9.043148820251277,-0.33337153650900525,0.45579626443208104,26.59403621678586,2.1449253008045046,-0.8760346046570717,10.936636800506538,0.12759237637760226,3.2440412524743687,-0.21681051163038398
4,0.14964679189810437,56.541711876783566,2.1032540522107293,0.04983366417860413,32.38028882146366,0.24084051860483527,41.132732567626135,2.7656892802416073,2.1685094015381416,19.520143806294694,9.043148820251277,-0.33337153650900525,0.45579626443208104,26.59403621678586,2.1449253008045046,-0.8760346046570717,10.936636800506538,0.12759237637760226,3.2440412524743687,-0.21681051163038398
5,0.14964679189810437,56.541711876783566,2.1032540522107293,0.04983366417860413,32.38028882146366,0.24084051860483527,41.132732567626135,2.7656892802416073,2.1685094015381416,19.520143806294694,9.043148820251277,-0.33337153650900525,0.45579626443208104,0.0610390700272222,2.1449253008045046,-0.8760346046570717,10.936636800506538,0.12759237637760226,3.2440412524743687,-0.21681051163038398
6,0.14964679189810437,-0.2906987751395028,2.1032540522107293,0.04983366417860413,32.38028882146366,0.24084051860483527,41.132732567626135,2.7656892802416073,2.1685094015381416,19.520143806294694,9.043148820251277,-0.33337153650900525,0.45579626443208104,0.0610390700272222,2.1449253008045046,-0.8760346046570717,10.936636800506538,0.12759237637760226,3.2440412524743687,-0.21681051163038398
7,0.14964679189810437,-0.2906987751395028,2.1032540522107293,0.04983366417860413,32.38028882146366,0.24084051860483527,1.661748607758677,2.7656892802416073,2.1685094015381416,19.520143806294694,9.043148820251277,-0.33337153650900525,0.45579626443208104,0.0610390700272222,2.1449253008045046,-0.8760346046570717,10.936636800506538,0.12759237637760226,3.2440412524743687,-0.21681051163038398
8,0.14964679189810437,-0.2906987751395028,2.1032540522107293,0.04983366417860413,32.38028882146366,0.24084051860483527,1.661748607758677,2.7656892802416073,2.1685094015381416,19.520143806294694,9.043148820251277,-0.33337153650900525,0.45579626443208104,0.0610390700272222,2.1449253008045046,-0.8760346046570717,10.936636800506538,0.12759237637760226,2.911973916239172,-0.21681051163038398
9,0.14964679189810437,-0.2906987751395028,0.34144639339544425,0.04983366417860413,32.38028882146366,0.24084051860483527,1.661748607758677,2.7656892802416073,2.1685094015381416,3.0013887162950836,9.043148820251277,-0.33337153650900525,0.23212205952908316,0.0610390700272222,2.1449253008045046,-0.8760346046570717,10.936636800506538,0.12759237637760226,2.911973916239172,-0.21681051163038398
10,0.14964679189810437,-0.2906987751395028,0.34144639339544425,0.04983366417860413,32.38028882146366,0.24084051860483527,1.661748607758677,2.7656892802416073,2.1685094015381416,3.0013887162950836,8.396242576964095,-0.33337153650900525,0.23212205952908316,0.0610390700272222,2.1449253008045046,-0.8760346046570717,10.936636800506538,0.12759237637760226,2.911973916239172,-0.21681051163038398
11,0.14964679189810437,-0.2906987751395028,0.34144639339544425,0.04983366417860413,32.38028882146366,0.24084051860483527,1.661748607758677,-0.061122470402385054,2.1685094015381416,3.0013887162950836,8.396242576964095,-0.33337153650900525,0.23212205952908316,0.0610390700272222,1.3151190960382781,-0.8760346046570717,10.936636800506538,0.12759237637760226,2.911973916239172,-0.21681051163038398
12,0.14964679189810437,-0.2906987751395028,0.34144639339544425,0.04983366417860413,32.38028882146366,0.24084051860483527,1.661748607758677,-0.061122470402385054,2.1685094015381416,3.0013887162950836,8.396242576964095,-0.33337153650900525,0.23212205952908316,0.0610390700272222,1.3151190960382781,-0.8760346046570717,10.936636800506538,0.12759237637760226,2.911973916239172,-0.21681051163038398
13,0.14964679189810437,-0.2906987751395028,0.34144639339544425,0.04983366417860413,32.38028882146366,0.24084051860483527,1.661748607758677,-0.061122470402385054,2.1685094015381416,3.0013887162950836,8.396242576964095,-0.33337153650900525,0.23212205952908316,0.0610390700272222,1.3151190960382781,-0.8760346046570717,10.936636800506538,0.12759237637760226,0.41184928135134113,-0.21681051163038398
14,0.14964679189810437,-0.2906987751395028,0.34144639339544425,0.04983366417860413,32.38028882146366,0.24084051860483527,1.661748607758677,-0.061122470402385054,2.1685094015381416,3.0013887162950836,8.396242576964095,-0.33337153650900525,0.23212205952908316,0.0610390700272222,1.3151190960382781,-0.8760346046570717,10.936636800506538,0.12759237637760226,0.41184928135134113,-0.21681051163038398
15,0.14964679189810437,-0.2906987751395028,0.34144639339544425,0.04983366417860413,32.38028882146366,0.24084051860483527,1.661748607758677,-0.061122470402385054,2.1685094015381416,3.0013887162950836,8.396242576964095,-0.33337153650900525,0.23212205952908316,0.0610390700272222,1.3151190960382781,-0.8760346046570717,10.936636800506538,0.12759237637760226,0.41184928135134113,-0.21681051163038398
16,0.14964679189810437,-0.2906987751395028,0.34144639339544425,0.04983366417860413,1.8448523469193239,0.24084051860483527,1.0316532961001532,-0.061122470402385054,2.1685094015381416,3.0013887162950836,8.396242576964095,-0.33337153650900525,0.23212205952908316,0.0610390700272222,1.3151190960382781,-0.8760346046570717,10.936636800506538,-0.9593726825929101,0.41184928135134113,-0.21681051163038398
17,0.14964679189810437,-0.2906987751395028,0.34144639339544425,0.04983366417860413,1.8448523469193239,0.24084051860483527,1.0316532961001532,-0.061122470402385054,2.1685094015381416,3.0013887162950836,8.396242576964095,-0.33337153650900525,0.23212205952908316,0.0610390700272222,1.3151190960382781,-0.8760346046570717,10.936636800506538,-0.9593726825929101,0.41184928135134113,-0.21681051163038398
18,0.14964679189810437,-0.2906987751395028,0.34144639339544425,0.04983366417860413,1.8448523469193239,0.24084051860483527,1.0316532961001532,-0.061122470402385054,2.1685094015381416,3.0013887162950836,8.396242576964095,-0.33337153650900525,0.23212205952908316,0.0610390700272222,1.3151190960382781,-0.8760346046570717,10.936636800506538,-0.9593726825929101,0.41184928135134113,-0.21681051163038398
19,0.14964679189810437,-0.2906987751395028,0.34144639339544425,0.04983366417860413,1.8448523469193239,0.24084051860483527,1.0316532961001532,-0.061122470402385054,2.1685094015381416,3.0013887162950836,8.396242576964095,-0.33337153650900525,0.23212205952908316,0.0610390700272222,1.3151190960382781,-0.8760346046570717,10.936636800506538,-0.9593726825929101,0.41184928135134113,-0.21681051163038398
20,0.14964679189810437,-0.2906987751395028,0.34144639339544425,0.04983366417860413,1.8448523469193239,0.24084051860483527,1.0316532961001532,-0.061122470402385054,2.1685094015381416,3.0013887162950836,8.396242576964095,-0.33337153650900525,0.23212205952908316,0.0610390700272222,1.3151190960382781,-0.8760346046570717,6.152421143674835,-0.9593726825929101,0.41184928135134113,-0.21681051163038398
21,0.14964679189810437,-0.2906987751395028,0.34144639339544425,0.04983366417860413,1.8448523469193239,0.24084051860483527,1.0316532961001532,-0.061122470402385054,2.1685094015381416,3.0013887162950836,8.396242576964095,-0.33337153650900525,0.23212205952908316,0.0610390700272222,1.3151190960382781,-0.8760346046570717,6.152421143674835,-0.9593726825929101,0.41184928135134113,-0.21681051163038398
22,0.14964679189810437,-0.2906987751395028,0.34144639339544425,0.04983366417860413,1.8448523469193239,0.24084051860483527,1.0316532961001532,-0.061122470402385054,2.1685094015381416,3.0013887162950836,2.167858665763194,-0.33337153650900525,0.23212205952908316,0.0610390700272222,1.3151190960382781,-0.8760346046570717,6.152421143674835,-0.9593726825929101,0.41184928135134113,-0.21681051163038398
23,0.14964679189810437,-0.2906987751395028,0.34144639339544425,0.04983366417860413,1.8448523469193239,0.24084051860483527,1.0316532961001532,-0.061122470402385054,2.1685094015381416,3.0013887162950836,2.167858665763194,-0.33337153650900525,0.23212205952908316,0.0610390700272222,1.3151190960382781,-0.8760346046570717,6.152421143674835,-0.9593726825929101,0.41184928135134113,-0.21681051163038398
24,0.14964679189810437,-0.2906987751395028,0.34144639339544425,0.04983366417860413,1.8448523469193239,0.24084051860483527,1.0316532961001532,-0.061122470402385054,2.1685094015381416,3.0013887162950836,2.167858665763194,-0.33337153650900525,0.23212205952908316,0.0610390700272222,1.3151190960382781,-0.8760346046570717,6.152421143674835,-0.9593726825929101,0.41184928135134113,-0.21681051163038398
25,0.14964679189810437,-0.2906987751395028,0.34144639339544425,0.04983366417860413,1.8448523469193239,0.24084051860483527,1.0316532961001532,-0.061122470402385054,2.1685094015381416,3.0013887162950836,2.167858665763194,-0.33337153650900525,0.23212205952908316,0.0610390700272222,1.3151190960382781,-0.8760346046570717,6.152421143674835,-0.9593726825929101,0.41184928135134113,-0.21681051163038398
26,0.14964679189810437,-0.2906987751395028,0.34144639339544425,0.04983366417860413,1.8448523469193239,-0.18106054857102116,1.0316532961001532,-0.061122470402385054,2.1685094015381416,3.0013887162950836,2.167858665763194,-0.33337153650900525,0.23212205952908316,0.0610390700272222,1.3151190960382781,-0.8760346046570717,6.152421143674835,-0.9593726825929101,0.41184928135134113,-0.21681051163038398
27,0.14964679189810437,-0.2906987751395028,0.34144639339544425,0.04983366417860413,1.8448523469193239,-0.18106054857102116,1.0316532961001532,-0.061122470402385054,2.1685094015381416,3.0013887162950836,2.167858665763194,-0.33337153650900525,0.23212205952908316,0.0610390700272222,1.3151190960382781,-0.8760346046570717,6.152421143674835,-0.9593726825929101,0.41184928135134113,-0.21681051163038398
28,0.14964679189810437,-0.2906987751395028,0.34144639339544425,0.04983366417860413,1.8448523469193239,-0.18106054857102116,1.0316532961001532,-0.061122470402385054,2.1685094015381416,3.0013887162950836,2.167858665763194,-0.33337153650900525,0.23212205952908316,0.0610390700272222,1.3151190960382781,-0.8760346046570717,6.152421143674835,-0.9593726825929101,0.41184928135134113,-0.21681051163038398
29,0.14964679189810437,-0.2906987751395028,0.34144639339544425,0.04983366417860413,1.8448523469193239,-0.18106054857102116,1.0316532961001532,-0.061122470402385054,2.1685094015381416,3.0013887162950836,2.167858665763194,-0.33337153650900525,0.23212205952908316,0.0610390700272222,1.3151190960382781,-0.8760346046570717,6.152421143674835,-0.9593726825929101,-0.04880638735195382,-0.21681051163038398
30,0.14964679189810437,-0.2906987751395028,0.34144639339544425,0.04983366417860413,1.8448523469193239,-0.18106054857102116,1.0316532961001532,-0.061122470402385054,2.1685094015381416,1.5581000032237653,2.167858665763194,-0.33337153650900525,0.23212205952908316,0.0610390700272222,1.3151190960382781,-0.8760346046570717,6.152421143674835,-0.9593726825929101,-0.04880638735195382,-0.21681051163038398
31,0.14964679189810437,-0.2906987751395028,0.34144639339544425,0.04983366417860413,1.8448523469193239,-0.18106054857102116,1.0316532961001532,-0.061122470402385054,2.1685094015381416,1.5581000032237653,2.167858665763194,-0.33337153650900525,0.23212205952908316,0.0610390700272222,1.3151190960382781,-0.8760346046570717,6.152421143674835,-0.9593726825929101,-0.04880638735195382,-0.21681051163038398
32,0.14964679189810437,-0.2906987751395028,0.34144639339544425,0.04983366417860413,1.8448523469193239,-0.18106054857102116,1.0316532961001532,-0.061122470402385054,2.1685094015381416,1.5581000032237653,2.167858665763194,-0.33337153650900525,0.23212205952908316,0.0610390700272222,1.3151190960382781,-0.8760346046570717,6.152421143674835,-0.9593726825929101,-0.04880638735195382,-0.21681051163038398
33,0.14964679189810437,-0.2906987751395028,0.34144639339544425,0.04983366417860413,1.8448523469193239,-0.18106054857102116,1.0316532961001532,-0.061122470402385054,2.1685094015381416,1.5581000032237653,2.167858665763194,-0.33337153650900525,0.23212205952908316,0.0610390700272222,0.24880427848477643,-0.8760346046570717,6.152421143674835,-0.9593726825929101,-0.04880638735195382,-0.21681051163038398
34,0.14964679189810437,-0.2906987751395028,0.34144639339544425,0.04983366417860413,1.8448523469193239,-0.8546452903131446,1.0316532961001532,-0.061122470402385054,2.1685094015381416,1.5581000032237653,2.167858665763194,-0.33337153650900525,0.23212205952908316,0.0610390700272222,0.24880427848477643,-0.8760346046570717,6.152421143674835,-0.9593726825929101,-0.04880638735195382,-0.21681051163038398
35,0.14964679189810437,-0.2906987751395028,0.34144639339544425,0.04983366417860413,1.8448523469193239,-0.8546452903131446,1.0316532961001532,-0.061122470402385054,2.1685094015381416,1.5581000032237653,2.167858665763194,-0.33337153650900525,0.23212205952908316,0.0610390700272222,0.24880427848477643,-0.8760346046570717,6.152421143674835,-0.9593726825929101,-0.04880638735195382,-0.21681051163038398
36,0.14964679189810437,-0.2906987751395028,0.34144639339544425,0.04983366417860413,1.8448523469193239,-0.8546452903131446,1.0316532961001532,-0.061122470402385054,2.1685094015381416,1.5581000032237653,2.167858665763194,-0.33337153650900525,0.23212205952908316,0.0610390700272222,0.24880427848477643,-0.8760346046570717,6.152421143674835,-0.9593726825929101,-0.04880638735195382,-0.21681051163038398
37,0.14964679189810437,-0.2906987751395028,0.34144639339544425,0.04983366417860413,1.8448523469193239,-0.8546452903131446,1.0316532961001532,-0.061122470402385054,2.1685094015381416,1.5581000032237653,2.167858665763194,-0.33337153650900525,0.23212205952908316,0.0610390700272222,0.24880427848477643,-0.8760346046570717,6.152421143674835,-0.9593726825929101,-0.04880638735195382,-0.21681051163038398
38,0.14964679189810437,-0.2906987751395028,0.34144639339544425,0.04983366417860413,0.18688959535132643,-0.8546452903131446,1.0316532961001532,-0.061122470402385054,2.1685094015381416,1.5581000032237653,2.167858665763194,-0.33337153650900525,0.23212205952908316,0.0610390700272222,0.24880427848477643,-0.8760346046570717,6.152421143674835,-0.9593726825929101,-0.04880638735195382,-0.21681051163038398
39,0.14964679189810437,-0.2906987751395028,0.34144639339544425,0.04983366417860413,0.18688959535132643,-0.8546452903131446,1.0316532961001532,-0.061122470402385054,2.1685094015381416,1.5581000032237653,2.167858665763194,-0.33337153650900525,0.23212205952908316,0.0610390700272222,0.24880427848477643,-0.8760346046570717,6.152421143674835,-0.9593726825929101,-0.04880638735195382,-0.21681051163038398
40,0.14964679189810437,-0.2906987751395028,0.34144639339544425,0.04983366417860413,0.18688959535132643,-0.8546452903131446,1.0316532961001532,-0.061122470402385054,2.1685094015381416,1.5581000032237653,2.167858665763194,-0.33337153650900525,0.23212205952908316,0.0610390700272222,0.24880427848477643,-0.8760346046570717,6.152421143674835,-0.9593726825929101,-0.04880638735195382,-0.21681051163038398
41,0.14964679189810437,-0.2906987751395028,0.34144639339544425,0.04983366417860413,0.18688959535132643,-0.8546452903131446,1.0316532961001532,-0.061122470402385054,2.1685094015381416,1.5581000032237653,2.167858665763194,-0.33337153650900525,0.23212205952908316,0.0610390700272222,0.24880427848477643,-0.8760346046570717,6.152421143674835,-0.9593726825929101,-0.04880638735195382,-0.21681051163038398
42,0.14964679189810437,-0.2906987751395028,0.34144639339544425,0.04983366417860413,0.18688959535132643,-0.8546452903131446,1.0316532961001532,-0.061122470402385054,0.4205501711656837,1.284680605778703,2.167858665763194,-0.33337153650900525,0.23212205952908316,0.0610390700272222,0.24880427848477643,-0.8760346046570717,6.152421143674835,-0.9593726825929101,-0.04880638735195382,-0.21681051163038398
43,0.14964679189810437,-0.2906987751395028,0.34144639339544425,0.04983366417860413,0.18688959535132643,-0.8546452903131446,1.0316532961001532,-0.061122470402385054,0.4205501711656837,1.284680605778703,2.167858665763194,-0.33337153650900525,0.23212205952908316,0.0610390700272222,0.24880427848477643,-0.8760346046570717,6.152421143674835,-0.9593726825929101,-0.04880638735195382,-0.21681051163038398
44,0.14964679189810437,-0.2906987751395028,0.34144639339544425,0.04983366417860413,0.18688959535132643,-0.8546452903131446,1.0316532961001532,-0.061122470402385054,0.4205501711656837,1.284680605778703,2.167858665763194,-0.33337153650900525,0.23212205952908316,0.0610390700272222,0.24880427848477643,-0.8760346046570717,0.3420248843169664,-0.9593726825929101,-0.04880638735195382,-0.21681051163038398
45,0.14964679189810437,-0.2906987751395028,0.34144639339544425,0.04983366417860413,0.18688959535132643,-0.8546452903131446,1.0316532961001532,-0.061122470402385054,0.4205501711656837,1.284680605778703,2.167858665763194,-0.33337153650900525,0.23212205952908316,0.0610390700272222,0.24880427848477643,-0.8760346046570717,0.3420248843169664,-0.9593726825929101,-0.04880638735195382,-0.21681051163038398
46,0.14964679189810437,-0.2906987751395028,0.34144639339544425,0.04983366417860413,0.18688959535132643,-0.8546452903131446,1.0316532961001532,-0.061122470402385054,-0.11024676298991931,1.284680605778703,2.167858665763194,-0.33337153650900525,0.23212205952908316,0.0610390700272222,0.24880427848477643,-0.8760346046570717,0.3420248843169664,-0.9593726825929101,-0.04880638735195382,-0.21681051163038398
47,-0.4088938822629626,-0.2906987751395028,0.34144639339544425,-1.0190892663984192,0.18688959535132643,-0.8546452903131446,1.0316532961001532,-0.061122470402385054,-0.11024676298991931,1.284680605778703,0.930083568986762,-0.4106486187190955,0.23212205952908316,0.0610390700272222,0.24880427848477643,-0.8760346046570717,0.3420248843169664,-0.9593726825929101,-0.04880638735195382,-0.21681051163038398
48,-0.4088938822629626,-0.2906987751395028,0.34144639339544425,-1.0190892663984192,0.18688959535132643,-0.8546452903131446,1.0316532961001532,-0.061122470402385054,-0.11024676298991931,1.284680605778703,0.930083568986762,-0.4106486187190955,0.23212205952908316,0.0610390700272222,0.24880427848477643,-0.8760346046570717,0.3420248843169664,-0.9593726825929101,-0.04880638735195382,-0.21681051163038398
49,-0.4088938822629626,-0.2906987751395028,0.34144639339544425,-1.0190892663984192,0.18688959535132643,-0.8546452903131446,1.0316532961001532,-0.061122470402385054,-0.11024676298991931,1.284680605778703,0.930083568986762,-0.4106486187190955,0.23212205952908316,0.0610390700272222,0.24880427848477643,-0.8760346046570717,0.3420248843169664,-0.9593726825929101,-0.04880638735195382,-0.21681051163038398
50,-0.4088938822629626,-0.2906987751395028,0.34144639339544425,-1.0190892663984192,0.18688959535132643,-0.8546452903131446,1.0316532961001532,-0.061122470402385054,-0.11024676298991931,1.284680605778703,0.930083568986762,-0.4106486187190955,0.23212205952908316,0.0610390700272222,0.24880427848477643,-0.8760346046570717,-0.5293097750475481,-0.9593726825929101,-0.04880638735195382,-0.21681051163038398
51,-0.4088938822629626,-0.2906987751395028,0.34144639339544425,-1.0190892663984192,0.18688959535132643,-0.8546452903131446,1.0316532961001532,-0.061122470402385054,-0.11024676298991931,1.284680605778703,0.930083568986762,-0.4106486187190955,0.23212205952908316,0.0610390700272222,0.24880427848477643,-0.8760346046570717,-0.5293097750475481,-0.9593726825929101,-0.04880638735195382,-0.21681051163038398
52,-0.4088938822629626,-0.2906987751395028,0.34144639339544425,-1.0190892663984192,0.18688959535132643,-0.8546452903131446,1.0316532961001532,-0.061122470402385054,-0.11024676298991931,1.284680605778703,0.930083568986762,-0.4106486187190955,0.23212205952908316,0.0610390700272222,0.24880427848477643,-0.8760346046570717,-0.5293097750475481,-0.9593726825929101,-0.04880638735195382,-0.21681051163038398
53,-0.4088938822629626,-0.2906987751395028,0.34144639339544425,-1.0190892663984192,0.18688959535132643,-0.8546452903131446,1.0316532961001532,-0.061122470402385054,-0.11024676298991931,1.284680605778703,0.930083568986762,-0.4106486187190955,0.23212205952908316,0.0610390700272222,0.24880427848477643,-0.8760346046570717,-0.5293097750475481,-0.9593726825929101,-0.04880638735195382,-0.21681051163038398
54,-0.4088938822629626,-0.2906987751395028,0.34144639339544425,-1.0190892663984192,0.18688959535132643,-0.8546452903131446,1.0316532961001532,-0.061122470402385054,-0.11024676298991931,1.284680605778703,0.930083568986762,-0.4106486187190955,0.23212205952908316,0.0610390700272222,0.24880427848477643,-0.8760346046570717,-0.5293097750475481,-0.9593726825929101,-0.04880638735195382,-0.21681051163038398
55,-0.4088938822629626,-0.2906987751395028,0.34144639339544425,-1.0190892663984192,0.18688959535132643,-0.8546452903131446,1.0316532961001532,-0.061122470402385054,-0.11024676298991931,1.284680605778703,0.930083568986762,-0.4106486187190955,0.23212205952908316,0.0610390700272222,0.24880427848477643,-0.8760346046570717,-0.5293097750475481,-0.9593726825929101,-0.04880638735195382,-0.21681051163038398
56,-0.9239108361087214,-0.2906987751395028,0.34144639339544425,-1.0190892663984192,0.18688959535132643,-0.8546452903131446,1.0316532961001532,-0.061122470402385054,-0.11024676298991931,1.284680605778703,0.930083568986762,-0.4106486187190955,0.23212205952908316,0.0610390700272222,0.24880427848477643,-0.8760346046570717,-0.5293097750475481,-0.9593726825929101,-0.04880638735195382,-0.21681051163038398
57,-0.9239108361087214,-0.2906987751395028,0.34144639339544425,-1.0190892663984192,0.18688959535132643,-0.8546452903131446,1.0316532961001532,-0.061122470402385054,-0.11024676298991931,1.284680605778703,0.930083568986762,-0.4106486187190955,0.23212205952908316,0.0610390700272222,0.24880427848477643,-0.8760346046570717,-0.5293097750475481,-0.9593726825929101,-0.04880638735195382,-0.21681051163038398
58,-0.9239108361087214,-0.2906987751395028,0.34144639339544425,-1.0190892663984192,0.18688959535132643,-0.8546452903131446,1.0316532961001532,-0.061122470402385054,-0.11024676298991931,0.7971147127942128,0.930083568986762,-0.4106486187190955,0.23212205952908316,0.0610390700272222,0.24880427848477643,-0.8760346046570717,-0.5293097750475481,-0.9593726825929101,-0.04880638735195382,-0.21681051163038398
59,-0.9239108361087214,-0.2906987751395028,0.34144639339544425,-1.0190892663984192,0.18688959535132643,-0.8546452903131446,1.0316532961001532,-0.061122470402385054,-0.11024676298991931,0.7971147127942128,0.930083568986762,-0.4106486187190955,0.23212205952908316,0.0610390700272222,0.24880427848477643,-0.8760346046570717,-0.5293097750475481,-0.9593726825929101,-0.04880638735195382,-0.21681051163038398
60,-0.9239108361087214,-0.2906987751395028,0.34144639339544425,-1.0190892663984192,0.18688959535132643,-0.8546452903131446,1.0316532961001532,-0.061122470402385054,-0.11024676298991931,0.7971147127942128,0.930083568986762,-0.4106486187190955,0.23212205952908316,0.0610390700272222,0.24880427848477643,-0.8760346046570717,-0.5293097750475481,-0.9593726825929101,-0.04880638735195382,-0.21681051163038398
61,-0.9239108361087214,-0.2906987751395028,0.34144639339544425,-1.0190892663984192,0.18688959535132643,-0.8546452903131446,1.0316532961001532,-0.061122470402385054,-0.11024676298991931,0.7971147127942128,0.930083568986762,-0.4106486187190955,0.23212205952908316,0.0610390700272222,0.24880427848477643,-0.8760346046570717,-0.5293097750475481,-0.9593726825929101,-0.04880638735195382,-0.21681051163038398
62,-0.9239108361087214,-0.2906987751395028,0.34144639339544425,-1.0190892663984192,0.18688959535132643,-0.8546452903131446,1.0316532961001532,-0.061122470402385054,-0.11024676298991931,0.7971147127942128,0.930083568986762,-0.4106486187190955,0.23212205952908316,0.0610390700272222,0.24880427848477643,-0.8760346046570717,-0.5293097750475481,-0.9593726825929101,-0.04880638735195382,-0.21681051163038398
63,-0.9239108361087214,-0.2906987751395028,0.34144639339544425,-1.0190892663984192,0.18688959535132643,-0.8546452903131446,1.0316532961001532,-0.061122470402385054,-0.11024676298991931,0.7971147127942128,0.930083568986762,-0.4106486187190955,0.23212205952908316,0.0610390700272222,0.24880427848477643,-0.8760346046570717,-0.5293097750475481,-0.9593726825929101,-0.04880638735195382,-0.21681051163038398
64,-0.9239108361087214,-0.2906987751395028,0.34144639339544425,-1.0190892663984192,0.18688959535132643,-0.8546452903131446,1.0316532961001532,-0.061122470402385054,-0.11024676298991931,0.7971147127942128,0.930083568986762,-0.4106486187190955,0.23212205952908316,0.0610390700272222,0.24880427848477643,-0.8760346046570717,-1.0169364056045824,-0.9593726825929101,-0.04880638735195382,-0.21681051163038398
65,-0.9239108361087214,-0.2906987751395028,0.34144639339544425,-1.0190892663984192,0.18688959535132643,-0.8546452903131446,1.0316532961001532,-0.061122470402385054,-0.11024676298991931,0.7971147127942128,0.930083568986762,-0.4106486187190955,0.23212205952908316,0.0610390700272222,0.24880427848477643,-0.8760346046570717,-1.0169364056045824,-0.9593726825929101,-0.04880638735195382,-0.21681051163038398
66,-0.9239108361087214,-0.2906987751395028,0.34144639339544425,-1.0190892663984192,0.18688959535132643,-0.8546452903131446,1.0316532961001532,-0.7531695641622079,-0.11024676298991931,0.7971147127942128,0.930083568986762,-0.4106486187190955,0.23212205952908316,0.0610390700272222,0.24880427848477643,-0.8760346046570717,-1.0169364056045824,-0.9593726825929101,-0.04880638735195382,-0.21681051163038398
67,-0.9239108361087214,-0.2906987751395028,0.34144639339544425,-1.0190892663984192,0.18688959535132643,-0.8546452903131446,1.0316532961001532,-0.7531695641622079,-0.11024676298991931,0.7971147127942128,0.930083568986762,-0.4106486187190955,0.23212205952908316,0.0610390700272222,0.24880427848477643,-0.8760346046570717,-1.0169364056045824,-0.9593726825929101,-0.04880638735195382,-0.45214575273444063
68,-0.9239108361087214,-0.2906987751395028,0.34144639339544425,-1.0190892663984192,0.18688959535132643,-0.8546452903131446,1.0316532961001532,-0.7531695641622079,-0.11024676298991931,0.7971147127942128,0.930083568986762,-0.4106486187190955,0.23212205952908316,0.0610390700272222,0.24880427848477643,-0.8760346046570717,-1.0169364056045824,-0.9593726825929101,-0.04880638735195382,-0.45214575273444063
69,-0.9239108361087214,-0.2906987751395028,0.34144639339544425,-1.0190892663984192,0.18688959535132643,-0.8546452903131446,1.0316532961001532,-0.7531695641622079,-0.11024676298991931,0.7971147127942128,0.930083568986762,-0.4106486187190955,0.23212205952908316,0.0610390700272222,0.24880427848477643,-0.8760346046570717,-1.0169364056045824,-0.9593726825929101,-0.04880638735195382,-0.45214575273444063
70,-0.9239108361087214,-0.2906987751395028,0.34144639339544425,-1.0190892663984192,0.18688959535132643,-0.8546452903131446,1.0316532961001532,-0.7531695641622079,-0.11024676298991931,0.7971147127942128,0.930083568986762,-0.4106486187190955,0.23212205952908316,0.0610390700272222,0.24880427848477643,-0.8760346046570717,-1.0169364056045824,-0.9593726825929101,-0.04880638735195382,-0.45214575273444063
71,-0.9239108361087214,-0.2906987751395028,0.34144639339544425,-1.0190892663984192,0.18688959535132643,-0.8546452903131446,1.0316532961001532,-0.7531695641622079,-0.11024676298991931,0.7971147127942128,0.49496464821410713,-0.4106486187190955,0.23212205952908316,0.0610390700272222,0.24880427848477643,-0.8760346046570717,-1.0169364056045824,-0.9593726825929101,-0.04880638735195382,-0.45214575273444063
72,-0.9239108361087214,-0.2906987751395028,0.34144639339544425,-1.0190892663984192,0.18688959535132643,-0.8546452903131446,1.0316532961001532,-0.7531695641622079,-0.11024676298991931,0.7971147127942128,0.49496464821410713,-0.4106486187190955,0.23212205952908316,0.0610390700272222,0.24880427848477643,-0.8760346046570717,-1.0169364056045824,-0.9593726825929101,-0.04880638735195382,-0.45214575273444063
73,-0.9239108361087214,-0.2906987751395028,0.34144639339544425,-1.0190892663984192,0.18688959535132643,-0.8546452903131446,1.0316532961001532,-0.7531695641622079,-0.11024676298991931,0.5571942849994997,0.44380431376944196,-0.4106486187190955,0.23212205952908316,0.0610390700272222,0.24880427848477643,-0.8760346046570717,-1.0169364056045824,-0.9593726825929101,-0.04880638735195382,-0.45214575273444063
74,-0.9239108361087214,-0.2906987751395028,0.34144639339544425,-1.0190892663984192,0.18688959535132643,-0.8546452903131446,1.0316532961001532,-0.7531695641622079,-0.11024676298991931,0.5571942849994997,0.44380431376944196,-0.4106486187190955,0.23212205952908316,0.0610390700272222,0.24880427848477643,-0.8760346046570717,-1.0169364056045824,-0.9593726825929101,-0.04880638735195382,-0.45214575273444063
75,-0.9239108361087214,-0.2906987751395028,0.34144639339544425,-1.0190892663984192,0.18688959535132643,-0.8546452903131446,1.0316532961001532,-0.7531695641622079,-0.11024676298991931,0.5571942849994997,0.44380431376944196,-0.4106486187190955,0.23212205952908316,0.0610390700272222,0.24880427848477643,-0.8760346046570717,-1.0169364056045824,-0.9593726825929101,-0.04880638735195382,-0.45214575273444063
76,-0.9239108361087214,-0.2906987751395028,0.34144639339544425,-1.0190892663984192,0.18688959535132643,-0.8546452903131446,1.0316532961001532,-0.7531695641622079,-0.11024676298991931,0.5571942849994997,0.44380431376944196,-0.4106486187190955,0.23212205952908316,0.0610390700272222,0.24880427848477643,-0.8760346046570717,-1.0169364056045824,-0.9593726825929101,-0.04880638735195382,-0.45214575273444063
77,-0.9239108361087214,-0.2906987751395028,0.34144639339544425,-1.0190892663984192,0.18688959535132643,-0.8546452903131446,1.0316532961001532,-0.7531695641622079,-0.11024676298991931,0.5571942849994997,0.44380431376944196,-0.4106486187190955,0.23212205952908316,0.0610390700272222,0.24880427848477643,-0.8760346046570717,-1.0169364056045824,-0.9593726825929101,-0.04880638735195382,-0.45214575273444063
78,-0.9239108361087214,-0.2906987751395028,0.34144639339544425,-1.0190892663984192,0.18688959535132643,-0.8546452903131446,1.0316532961001532,-0.7531695641622079,-0.11024676298991931,0.5571942849994997,0.44380431376944196,-0.4106486187190955,0.23212205952908316,0.0610390700272222,0.24880427848477643,-0.8760346046570717,-1.0169364056045824,-0.9593726825929101,-0.04880638735195382,-0.45214575273444063
79,-0.9239108361087214,-0.2906987751395028,0.34144639339544425,-1.0190892663984192,0.18688959535132643,-0.8546452903131446,1.0316532961001532,-0.7531695641622079,-0.11024676298991931,0.5571942849994997,0.44380431376944196,-0.4106486187190955,0.23212205952908316,0.0610390700272222,0.24880427848477643,-0.8760346046570717,-1.0169364056045824,-0.9593726825929101,-0.04880638735195382,-0.45214575273444063
80,-0.9239108361087214,-0.2906987751395028,0.34144639339544425,-1.0190892663984192,0.18688959535132643,-0.8546452903131446,1.0316532961001532,-0.7531695641622079,-0.11024676298991931,0.5571942849994997,0.44380431376944196,-0.4106486187190955,0.23212205952908316,0.0610390700272222,0.24880427848477643,-0.8760346046570717,-1.0169364056045824,-0.9593726825929101,-0.04880638735195382,-0.45214575273444063
81,-0.9239108361087214,-0.2906987751395028,0.34144639339544425,-1.0190892663984192,0.03760711530310801,-0.8546452903131446,1.0316532961001532,-0.7531695641622079,-0.11024676298991931,0.5571942849994997,0.44380431376944196,-0.4106486187190955,0.23212205952908316,0.0610390700272222,0.24880427848477643,-0.8760346046570717,-1.0169364056045824,-0.9593726825929101,-0.04880638735195382,-0.45214575273444063
82,-0.9239108361087214,-0.2906987751395028,0.34144639339544425,-1.0190892663984192,0.03760711530310801,-0.8546452903131446,1.0316532961001532,-0.7531695641622079,-0.11024676298991931,0.5571942849994997,0.44380431376944196,-0.4106486187190955,0.23212205952908316,0.0610390700272222,0.24880427848477643,-0.8760346046570717,-1.0169364056045824,-0.9593726825929101,-0.04880638735195382,-0.45214575273444063
83,-0.9239108361087214,-0.2906987751395028,0.34144639339544425,-1.0190892663984192,0.03760711530310801,-0.8546452903131446,1.0316532961001532,-0.7531695641622079,-0.11024676298991931,0.5571942849994997,0.44380431376944196,-0.8063772719324798,0.23212205952908316,0.0610390700272222,0.24880427848477643,-0.8760346046570717,-1.0169364056045824,-0.9593726825929101,-0.04880638735195382,-0.45214575273444063
84,-0.9239108361087214,-0.2906987751395028,0.34144639339544425,-1.0190892663984192,0.03760711530310801,-0.8546452903131446,1.0316532961001532,-0.7531695641622079,-0.11024676298991931,0.5571942849994997,-0.211543994501177,-0.8063772719324798,0.23212205952908316,0.0610390700272222,0.24880427848477643,-0.8760346046570717,-1.0169364056045824,-0.9593726825929101,-0.04880638735195382,-0.45214575273444063
85,-0.9239108361087214,-0.2906987751395028,0.34144639339544425,-1.0190892663984192,0.03760711530310801,-0.8546452903131446,1.0316532961001532,-0.7531695641622079,-0.11024676298991931,0.5571942849994997,-0.211543994501177,-0.8063772719324798,0.23212205952908316,0.0610390700272222,0.24880427848477643,-0.8760346046570717,-1.0169364056045824,-0.9593726825929101,-0.04880638735195382,-0.45214575273444063
86,-0.9239108361087214,-0.2906987751395028,0.34144639339544425,-1.0190892663984192,0.03760711530310801,-0.8546452903131446,1.0316532961001532,-0.7531695641622079,-0.11024676298991931,0.08029147879551746,-0.211543994501177,-0.8063772719324798,0.23212205952908316,0.0610390700272222,0.24880427848477643,-0.8760346046570717,-1.0169364056045824,-0.9593726825929101,-0.04880638735195382,-0.45214575273444063
87,-0.9239108361087214,-0.2906987751395028,0.34144639339544425,-1.0190892663984192,0.03760711530310801,-0.8546452903131446,1.0316532961001532,-0.7531695641622079,-0.11024676298991931,0.08029147879551746,-0.211543994501177,-0.8063772719324798,0.23212205952908316,0.0610390700272222,0.24880427848477643,-0.8760346046570717,-1.0169364056045824,-0.9593726825929101,-0.04880638735195382,-0.45214575273444063
88,-0.9239108361087214,-0.2906987751395028,0.34144639339544425,-1.0190892663984192,0.03760711530310801,-0.8546452903131446,1.0316532961001532,-0.7531695641622079,-0.11024676298991931,0.08029147879551746,-0.211543994501177,-0.8063772719324798,0.23212205952908316,0.0610390700272222,0.24880427848477643,-0.8760346046570717,-1.0169364056045824,-0.9593726825929101,-0.04880638735195382,-0.45214575273444063
89,-0.9239108361087214,-0.2906987751395028,0.34144639339544425,-1.0190892663984192,0.03760711530310801,-0.8546452903131446,1.0316532961001532,-0.7531695641622079,-0.11024676298991931,0.08029147879551746,-0.211543994501177,-0.8063772719324798,0.23212205952908316,0.0610390700272222,0.24880427848477643,-0.8760346046570717,-1.0169364056045824,-0.9593726825929101,-0.04880638735195382,-0.45214575273444063
90,-0.9239108361087214,-0.2906987751395028,0.34144639339544425,-1.0190892663984192,0.03760711530310801,-0.8546452903131446,0.8875117352071407,-0.7531695641622079,-0.11024676298991931,0.08029147879551746,-0.211543994501177,-0.8063772719324798,0.23212205952908316,0.0610390700272222,0.24880427848477643,-0.8760346046570717,-1.0169364056045824,-0.9593726825929101,-0.04880638735195382,-0.5200538251977088
91,-0.9239108361087214,-0.2906987751395028,0.34144639339544425,-1.0190892663984192,0.03760711530310801,-0.8546452903131446,0.8875117352071407,-0.7531695641622079,-0.11024676298991931,0.08029147879551746,-0.211543994501177,-0.8063772719324798,0.23212205952908316,0.0610390700272222,0.24880427848477643,-0.8760346046570717,-1.0169364056045824,-0.9593726825929101,-0.04880638735195382,-0.5200538251977088
92,-0.9239108361087214,-0.2906987751395028,0.2159085457594867,-1.0190892663984192,0.03760711530310801,-0.8546452903131446,0.8875117352071407,-0.7531695641622079,-0.11024676298991931,-0.24030096475120688,-0.211543994501177,-0.8063772719324798,0.23212205952908316,0.0610390700272222,0.24880427848477643,-0.8760346046570717,-1.0169364056045824,-0.9593726825929101,-0.04880638735195382,-0.5200538251977088
93,-0.9239108361087214,-0.2906987751395028,0.2159085457594867,-1.0190892663984192,0.03760711530310801,-0.8546452903131446,0.8875117352071407,-0.7531695641622079,-0.11024676298991931,-0.24030096475120688,-0.211543994501177,-0.8063772719324798,0.23212205952908316,0.0610390700272222,0.24880427848477643,-0.8760346046570717,-1.0169364056045824,-0.9593726825929101,-0.04880638735195382,-0.5200538251977088
94,-0.9239108361087214,-0.2906987751395028,0.2159085457594867,-1.0190892663984192,0.03760711530310801,-0.8546452903131446,0.8875117352071407,-0.7531695641622079,-0.11024676298991931,-0.24030096475120688,-0.211543994501177,-0.8063772719324798,0.23212205952908316,0.0610390700272222,0.24880427848477643,-0.8760346046570717,-1.0169364056045824,-0.9593726825929101,-0.04880638735195382,-0.5200538251977088
95,-0.9239108361087214,-0.2906987751395028,0.2159085457594867,-1.0190892663984192,0.03760711530310801,-0.8546452903131446,0.8875117352071407,-0.7531695641622079,-0.11024676298991931,-0.24030096475120688,-0.211543994501177,-0.8063772719324798,0.23212205952908316,0.0610390700272222,0.24880427848477643,-0.8760346046570717,-1.0169364056045824,-0.9593726825929101,-0.04880638735195382,-0.5200538251977088
96,-0.9239108361087214,-0.2906987751395028,0.2159085457594867,-1.0190892663984192,0.03760711530310801,-0.8546452903131446,0.8875117352071407,-0.7531695641622079,-0.11024676298991931,-0.24030096475120688,-0.211543994501177,-0.8063772719324798,0.23212205952908316,0.0610390700272222,0.24880427848477643,-0.8760346046570717,-1.0169364056045824,-0.9593726825929101,-0.04880638735195382,-0.5200538251977088
97,-0.9239108361087214,-0.2906987751395028,0.2159085457594867,-1.0190892663984192,0.03760711530310801,-0.8546452903131446,0.8875117352071407,-0.7531695641622079,-0.11024676298991931,-0.24030096475120688,-0.211543994501177,-0.8063772719324798,0.23212205952908316,0.0610390700272222,0.24880427848477643,-0.8760346046570717,-1.0169364056045824,-0.9593726825929101,-0.04880638735195382,-0.5200538251977088
98,-0.9239108361087214,-0.2906987751395028,0.2159085457594867,-1.0190892663984192,0.03760711530310801,-0.8546452903131446,0.8875117352071407,-0.7531695641622079,-0.11024676298991931,-0.24030096475120688,-0.211543994501177,-0.8063772719324798,0.23212205952908316,0.0610390700272222,0.24880427848477643,-0.8760346046570717,-1.0169364056045824,-0.9593726825929101,-0.04880638735195382,-0.5200538251977088
99,-0.9239108361087214,-0.2906987751395028,0.2159085457594867,-1.0190892663984192,0.03760711530310801,-0.8546452903131446,0.8875117352071407,-0.7531695641622079,-0.11024676298991931,-0.24030096475120688,-0.211543994501177,-0.8063772719324798,0.23212205952908316,0.0610390700272222,0.24880427848477643,-0.8760346046570717,-1.0169364056045824,-0.9593726825929101,-0.04880638735195382,-0.5200538251977088
100,-0.9239108361087214,-0.2906987751395028,0.2159085457594867,-1.0190892663984192,0.03760711530310801,-0.8546452903131446,0.8875117352071407,-0.7531695641622079,-0.11024676298991931,-0.24030096475120688,-0.211543994501177,-0.8063772719324798,0.23212205952908316,0.0610390700272222,0.24880427848477643,-0.8760346046570717,-1.0169364056045824,-0.9593726825929101,-0.04880638735195382,-0.5200538251977088
101,-0.9239108361087214,-0.2906987751395028,0.2159085457594867,-1.0190892663984192,0.03760711530310801,-0.8546452903131446,0.8875117352071407,-0.7531695641622079,-0.11024676298991931,-0.24030096475120688,-0.211543994501177,-0.8063772719324798,0.23212205952908316,0.0610390700272222,0.24880427848477643,-0.8760346046570717,-1.0169364056045824,-0.9593726825929101,-0.04880638735195382,-0.5200538251977088
102,-0.9239108361087214,-0.2906987751395028,0.2159085457594867,-1.0190892663984192,0.03760711530310801,-0.8546452903131446,0.8875117352071407,-0.7531695641622079,-0.11024676298991931,-0.24030096475120688,-0.211543994501177,-0.8063772719324798,0.23212205952908316,0.0610390700272222,0.24880427848477643,-0.8760346046570717,-1.0169364056045824,-0.9593726825929101,-0.04880638735195382,-0.5200538251977088
103,-0.9239108361087214,-0.2906987751395028,0.2159085457594867,-1.0190892663984192,0.03760711530310801,-0.8546452903131446,0.8875117352071407,-0.7531695641622079,-0.11024676298991931,-0.24030096475120688,-0.211543994501177,-0.8063772719324798,0.23212205952908316,0.0610390700272222,0.24880427848477643,-0.8760346046570717,-1.0169364056045824,-0.9593726825929101,-0.9320114249247476,-0.5200538251977088
104,-0.9239108361087214,-0.2906987751395028,0.2159085457594867,-1.0190892663984192,0.03760711530310801,-0.8546452903131446,0.8875117352071407,-0.7531695641622079,-0.11024676298991931,-0.24030096475120688,-0.211543994501177,-0.8063772719324798,0.23212205952908316,0.0610390700272222,0.24880427848477643,-0.8760346046570717,-1.0169364056045824,-0.9593726825929101,-0.9320114249247476,-0.5200538251977088
105,-0.9239108361087214,-0.2906987751395028,0.2159085457594867,-1.0190892663984192,0.03760711530310801,-1.0044758719435918,0.8875117352071407,-0.7531695641622079,-0.11024676298991931,-0.24030096475120688,-0.211543994501177,-0.8063772719324798,0.23212205952908316,0.0610390700272222,0.24880427848477643,-0.8760346046570717,-1.0169364056045824,-0.9593726825929101,-0.9320114249247476,-0.5200538251977088
106,-0.9239108361087214,-0.2906987751395028,0.2159085457594867,-1.0190892663984192,0.03760711530310801,-1.0044758719435918,0.8875117352071407,-0.7531695641622079,-0.11024676298991931,-0.24030096475120688,-0.211543994501177,-0.8063772719324798,0.23212205952908316,0.0610390700272222,0.24880427848477643,-0.8760346046570717,-1.0169364056045824,-0.9593726825929101,-0.9320114249247476,-0.5200538251977088
107,-0.9239108361087214,-0.2906987751395028,0.2159085457594867,-1.0190892663984192,0.03760711530310801,-1.0044758719435918,0.8875117352071407,-0.7531695641622079,-0.11024676298991931,-0.24030096475120688,-0.211543994501177,-0.8063772719324798,0.23212205952908316,0.0610390700272222,0.24880427848477643,-0.8760346046570717,-1.0169364056045824,-0.9593726825929101,-0.9320114249247476,-0.5200538251977088
108,-0.9239108361087214,-0.2906987751395028,0.2159085457594867,-1.0190892663984192,0.03760711530310801,-1.0044758719435918,0.8875117352071407,-0.7531695641622079,-0.11024676298991931,-0.24030096475120688,-0.211543994501177,-0.8063772719324798,-0.30965016222644204,0.0610390700272222,0.24880427848477643,-0.8760346046570717,-1.0169364056045824,-0.9593726825929101,-0.9320114249247476,-0.5200538251977088
109,-0.9239108361087214,-0.2906987751395028,0.2159085457594867,-1.0190892663984192,0.03760711530310801,-1.0044758719435918,0.8875117352071407,-0.7531695641622079,-0.11024676298991931,-0.24030096475120688,-0.211543994501177,-0.8063772719324798,-0.30965016222644204,0.0610390700272222,0.24880427848477643,-0.8760346046570717,-1.0169364056045824,-0.9593726825929101,-0.9320114249247476,-0.5200538251977088
110,-0.9239108361087214,-0.2906987751395028,0.2159085457594867,-1.0190892663984192,0.03760711530310801,-1.0044758719435918,0.8875117352071407,-0.8533562872848731,-0.11024676298991931,-0.24030096475120688,-0.211543994501177,-0.8063772719324798,-0.30965016222644204,0.0610390700272222,0.24880427848477643,-0.8760346046570717,-1.0169364056045824,-0.9593726825929101,-0.9320114249247476,-0.5200538251977088
111,-0.9239108361087214,-0.2906987751395028,0.2159085457594867,-1.0190892663984192,0.03760711530310801,-1.0044758719435918,0.8875117352071407,-0.8533562872848731,-0.11024676298991931,-0.24030096475120688,-0.211543994501177,-0.8063772719324798,-0.30965016222644204,0.0610390700272222,0.24880427848477643,-0.8760346046570717,-1.0169364056045824,-0.9593726825929101,-0.9320114249247476,-0.5200538251977088
112,-0.9239108361087214,-0.2906987751395028,0.2159085457594867,-1.0190892663984192,0.03760711530310801,-1.0044758719435918,0.8875117352071407,-0.8533562872848731,-0.11024676298991931,-0.24030096475120688,-0.211543994501177,-0.8063772719324798,-0.30965016222644204,0.0610390700272222,0.24880427848477643,-0.8760346046570717,-1.0169364056045824,-0.9593726825929101,-0.9320114249247476,-0.5200538251977088
113,-0.9239108361087214,-0.2906987751395028,0.2159085457594867,-1.0190892663984192,0.03760711530310801,-1.0044758719435918,0.8875117352071407,-0.8533562872848731,-0.11024676298991931,-0.24030096475120688,-0.211543994501177,-0.8063772719324798,-0.30965016222644204,0.0610390700272222,0.24880427848477643,-0.8760346046570717,-1.0169364056045824,-0.9593726825929101,-0.9320114249247476,-0.5200538251977088
114,-0.9239108361087214,-0.2906987751395028,0.2159085457594867,-1.0190892663984192,0.03760711530310801,-1.0044758719435918,0.8875117352071407,-0.8533562872848731,-0.11024676298991931,-0.24030096475120688,-0.211543994501177,-0.8063772719324798,-0.30965016222644204,0.0610390700272222,0.24880427848477643,-0.8760346046570717,-1.0169364056045824,-0.9593726825929101,-0.9320114249247476,-0.5200538251977088
115,-0.9239108361087214,-0.2906987751395028,0.2159085457594867,-1.0190892663984192,0.03760711530310801,-1.0044758719435918,0.8875117352071407,-0.8533562872848731,-0.11024676298991931,-0.24030096475120688,-0.211543994501177,-0.8063772719324798,-0.30965016222644204,0.0610390700272222,0.24880427848477643,-0.8760346046570717,-1.0169364056045824,-0.9593726825929101,-0.9320114249247476,-0.5200538251977088
116,-0.9239108361087214,-0.2906987751395028,0.2159085457594867,-1.0190892663984192,0.03760711530310801,-1.0044758719435918,0.8875117352071407,-0.8533562872848731,-0.11024676298991931,-0.24030096475120688,-0.211543994501177,-0.8063772719324798,-0.30965016222644204,0.0610390700272222,0.24880427848477643,-0.8760346046570717,-1.0169364056045824,-0.9593726825929101,-0.9320114249247476,-0.5200538251977088
117,-0.9239108361087214,-0.2906987751395028,0.2159085457594867,-1.0190892663984192,0.03760711530310801,-1.0044758719435918,0.8875117352071407,-0.8533562872848731,-0.11024676298991931,-0.24030096475120688,-0.211543994501177,-0.8063772719324798,-0.30965016222644204,0.0610390700272222,0.24880427848477643,-0.8760346046570717,-1.0169364056045824,-0.9593726825929101,-0.9320114249247476,-0.5200538251977088
118,-0.9239108361087214,-0.2906987751395028,0.2159085457594867,-1.0190892663984192,0.03760711530310801,-1.0044758719435918,0.6899360765945929,-0.8533562872848731,-0.11024676298991931,-0.24030096475120688,-0.211543994501177,-0.8063772719324798,-0.30965016222644204,0.0610390700272222,0.24880427848477643,-0.8760346046570717,-1.0169364056045824,-0.9593726825929101,-0.9320114249247476,-0.5200538251977088
119,-0.9239108361087214,-0.2906987751395028,0.2159085457594867,-1.0190892663984192,0.03760711530310801,-1.0044758719435918,0.6899360765945929,-0.8533562872848731,-0.11024676298991931,-0.24030096475120688,-0.211543994501177,-0.8063772719324798,-0.30965016222644204,0.0610390700272222,0.24880427848477643,-0.8760346046570717,-1.0169364056045824,-0.9593726825929101,-0.9320114249247476,-0.5200538251977088
120,-0.9239108361087214,-0.2906987751395028,0.2159085457594867,-1.0190892663984192,0.03760711530310801,-1.0044758719435918,0.6899360765945929,-0.8533562872848731,-0.11024676298991931,-0.24030096475120688,-0.211543994501177,-0.8063772719324798,-0.30965016222644204,0.0610390700272222,0.24880427848477643,-0.8760346046570717,-1.0169364056045824,-0.9593726825929101,-0.9320114249247476,-0.5200538251977088
121,-0.9239108361087214,-0.2906987751395028,0.2159085457594867,-1.0190892663984192,0.03760711530310801,-1.0044758719435918,0.6899360765945929,-0.8533562872848731,-0.11024676298991931,-0.24030096475120688,-0.211543994501177,-0.8063772719324798,-0.30965016222644204,0.0610390700272222,0.24880427848477643,-0.8760346046570717,-1.0169364056045824,-0.9593726825929101,-0.9320114249247476,-0.5200538251977088
122,-0.9239108361087214,-0.2906987751395028,0.2159085457594867,-1.0190892663984192,0.03760711530310801,-1.0044758719435918,0.6899360765945929,-0.8533562872848731,-0.11024676298991931,-0.24030096475120688,-0.211543994501177,-0.8063772719324798,-0.30965016222644204,0.0610390700272222,0.24880427848477643,-0.8760346046570717,-1.0169364056045824,-0.9593726825929101,-0.9320114249247476,-0.5200538251977088
123,-0.9239108361087214,-0.2906987751395028,0.2159085457594867,-1.0190892663984192,0.03760711530310801,-1.0044758719435918,0.6899360765945929,-0.8533562872848731,-0.11024676298991931,-0.24030096475120688,-0.211543994501177,-0.8063772719324798,-0.30965016222644204,0.0610390700272222,0.24880427848477643,-0.8760346046570717,-1.0169364056045824,-0.9593726825929101,-0.9320114249247476,-0.5200538251977088
124,-0.9239108361087214,-0.2906987751395028,0.2159085457594867,-1.0190892663984192,0.03760711530310801,-1.0044758719435918,0.6899360765945929,-0.8533562872848731,-0.11024676298991931,-0.24030096475120688,-0.211543994501177,-0.8063772719324798,-0.30965016222644204,0.0610390700272222,0.24880427848477643,-0.8760346046570717,-1.0169364056045824,-0.9593726825929101,-0.9320114249247476,-0.5200538251977088
125,-0.9239108361087214,-0.2906987751395028,0.2159085457594867,-1.0190892663984192,0.03760711530310801,-1.0044758719435918,0.6899360765945929,-0.8533562872848731,-0.11024676298991931,-0.24030096475120688,-0.211543994501177,-0.8063772719324798,-0.30965016222644204,0.0610390700272222,0.24880427848477643,-0.8760346046570717,-1.0169364056045824,-0.9593726825929101,-0.9320114249247476,-0.5200538251977088
126,-0.9239108361087214,-0.2906987751395028,0.2159085457594867,-1.0190892663984192,0.03760711530310801,-1.0044758719435918,0.6899360765945929,-0.8533562872848731,-0.11024676298991931,-0.24030096475120688,-0.211543994501177,-0.8063772719324798,-0.30965016222644204,0.0610390700272222,0.24880427848477643,-0.8760346046570717,-1.0169364056045824,-0.9593726825929101,-0.9320114249247476,-0.5200538251977088
127,-0.9239108361087214,-0.2906987751395028,0.2159085457594867,-1.0190892663984192,0.03760711530310801,-1.0044758719435918,0.6899360765945929,-0.8533562872848731,-0.11024676298991931,-0.24030096475120688,-0.211543994501177,-0.8063772719324798,-0.30965016222644204,0.0610390700272222,0.24880427848477643,-0.8760346046570717,-1.0169364056045824,-0.9593726825929101,-0.9320114249247476,-0.5200538251977088
128,-0.9239108361087214,-0.2906987751395028,0.2159085457594867,-1.0190892663984192,0.03760711530310801,-1.0044758719435918,0.6899360765945929,-0.8533562872848731,-0.11024676298991931,-0.24030096475120688,-0.211543994501177,-0.8063772719324798,-0.30965016222644204,0.0610390700272222,0.24880427848477643,-0.8760346046570717,-1.0169364056045824,-0.9593726825929101,-0.9320114249247476,-0.5200538251977088
129,-0.9239108361087214,-0.2906987751395028,0.2159085457594867,-1.0190892663984192,0.03760711530310801,-1.0044758719435918,0.6899360765945929,-0.8533562872848731,-0.11024676298991931,-0.24030096475120688,-0.211543994501177,-0.8063772719324798,-0.30965016222644204,0.0610390700272222,0.24880427848477643,-0.8760346046570717,-1.0169364056045824,-0.9593726825929101,-0.9320114249247476,-0.5200538251977088
130,-0.9239108361087214,-0.2906987751395028,0.2159085457594867,-1.0190892663984192,0.03760711530310801,-1.0044758719435918,0.6899360765945929,-0.8533562872848731,-0.11024676298991931,-0.24030096475120688,-0.211543994501177,-0.8063772719324798,-0.30965016222644204,0.0610390700272222,0.24880427848477643,-0.8760346046570717,-1.0169364056045824,-0.9593726825929101,-0.9320114249247476,-0.5200538251977088
131,-0.9239108361087214,-0.2906987751395028,0.2159085457594867,-1.0190892663984192,0.03760711530310801,-1.0044758719435918,0.6899360765945929,-0.8533562872848731,-0.11024676298991931,-0.24030096475120688,-0.211543994501177,-0.8063772719324798,-0.30965016222644204,0.0610390700272222,0.24880427848477643,-0.8760346046570717,-1.0169364056045824,-0.9593726825929101,-0.9320114249247476,-0.5200538251977088
132,-0.9239108361087214,-0.2906987751395028,0.2159085457594867,-1.0190892663984192,0.03760711530310801,-1.0044758719435918,0.6899360765945929,-0.8533562872848731,-0.11024676298991931,-0.24030096475120688,-0.211543994501177,-0.8063772719324798,-0.30965016222644204,0.0610390700272222,0.24880427848477643,-0.8760346046570717,-1.0169364056045824,-0.9593726825929101,-0.9320114249247476,-0.5200538251977088
133,-0.9239108361087214,-0.2906987751395028,0.2159085457594867,-1.0190892663984192,0.03760711530310801,-1.0044758719435918,0.6899360765945929,-0.8533562872848731,-0.11024676298991931,-0.24030096475120688,-0.211543994501177,-0.8063772719324798,-0.30965016222644204,0.0610390700272222,0.24880427848477643,-0.8760346046570717,-1.0169364056045824,-0.9593726825929101,-0.9320114249247476,-0.5200538251977088
134,-0.9239108361087214,-0.2906987751395028,0.2159085457594867,-1.0190892663984192,0.03760711530310801,-1.0044758719435918,0.6899360765945929,-0.8533562872848731,-0.11024676298991931,-0.24030096475120688,-0.211543994501177,-0.8063772719324798,-0.30965016222644204,0.0610390700272222,0.24880427848477643,-0.8760346046570717,-1.0169364056045824,-0.9593726825929101,-0.9320114249247476,-0.5200538251977088
135,-0.9239108361087214,-0.2906987751395028,0.2159085457594867,-1.0190892663984192,0.03760711530310801,-1.0044758719435918,0.6899360765945929,-0.8533562872848731,-0.11024676298991931,-0.24030096475120688,-0.211543994501177,-0.8063772719324798,-0.30965016222644204,0.0610390700272222,0.24880427848477643,-0.8760346046570717,-1.0169364056045824,-0.9593726825929101,-0.9320114249247476,-0.5200538251977088
136,-0.9239108361087214,-0.2906987751395028,0.2159085457594867,-1.0190892663984192,0.03760711530310801,-1.0044758719435918,0.6899360765945929,-0.8533562872848731,-0.11024676298991931,-0.24030096475120688,-0.211543994501177,-0.8063772719324798,-0.30965016222644204,0.0610390700272222,0.24880427848477643,-0.8760346046570717,-1.0169364056045824,-0.9593726825929101,-0.9320114249247476,-0.5200538251977088
137,-0.9239108361087214,-0.2906987751395028,0.2159085457594867,-1.0190892663984192,0.03760711530310801,-1.0044758719435918,0.6899360765945929,-0.8533562872848731,-0.11024676298991931,-0.24030096475120688,-0.211543994501177,-0.8063772719324798,-0.30965016222644204,0.0610390700272222,0.24880427848477643,-0.8760346046570717,-1.0169364056045824,-0.9593726825929101,-0.9320114249247476,-0.5200538251977088
138,-0.9239108361087214,-0.2906987751395028,0.2159085457594867,-1.0190892663984192,0.03760711530310801,-1.0044758719435918,0.6899360765945929,-0.8533562872848731,-0.11024676298991931,-0.24030096475120688,-0.211543994501177,-0.8063772719324798,-0.30965016222644204,0.0610390700272222,0.24880427848477643,-0.8760346046570717,-1.0169364056045824,-0.9593726825929101,-0.9320114249247476,-0.5200538251977088
139,-0.9239108361087214,-0.2906987751395028,0.2159085457594867,-1.0190892663984192,0.03760711530310801,-1.0044758719435918,0.6899360765945929,-0.8533562872848731,-0.11024676298991931,-0.24030096475120688,-0.211543994501177,-0.8063772719324798,-0.30965016222644204,0.0610390700272222,0.24880427848477643,-0.8760346046570717,-1.0169364056045824,-0.9593726825929101,-0.9320114249247476,-0.5200538251977088
140,-0.9239108361087214,-0.2906987751395028,0.2159085457594867,-1.0190892663984192,0.03760711530310801,-1.0044758719435918,0.6899360765945929,-0.8533562872848731,-0.11024676298991931,-0.24030096475120688,-0.211543994501177,-0.8063772719324798,-0.30965016222644204,0.0610390700272222,0.24880427848477643,-0.8760346046570717,-1.0169364056045824,-0.9593726825929101,-0.9320114249247476,-0.5200538251977088
141,-0.9239108361087214,-0.2906987751395028,0.2159085457594867,-1.0190892663984192,0.03760711530310801,-1.0044758719435918,0.6899360765945929,-0.8533562872848731,-0.11024676298991931,-0.7757293469143793,-0.211543994501177,-0.8063772719324798,-0.30965016222644204,0.0610390700272222,0.24880427848477643,-0.8760346046570717,-1.0169364056045824,-0.9593726825929101,-0.9320114249247476,-0.5200538251977088
142,-0.9239108361087214,-0.2906987751395028,0.2159085457594867,-1.0190892663984192,0.03760711530310801,-1.0044758719435918,0.6899360765945929,-0.8533562872848731,-0.11024676298991931,-0.7757293469143793,-0.211543994501177,-0.8063772719324798,-0.30965016222644204,0.0610390700272222,0.24880427848477643,-0.8760346046570717,-1.0169364056045824,-0.9593726825929101,-0.9320114249247476,-0.5200538251977088
143,-0.9239108361087214,-0.2906987751395028,0.2159085457594867,-1.0190892663984192,0.03760711530310801,-1.0044758719435918,0.6899360765945929,-0.8533562872848731,-0.11024676298991931,-0.7757293469143793,-0.211543994501177,-0.8063772719324798,-0.30965016222644204,0.0610390700272222,0.24880427848477643,-0.8760346046570717,-1.0169364056045824,-0.9593726825929101,-0.9320114249247476,-0.5200538251977088
144,-0.9239108361087214,-0.2906987751395028,0.2159085457594867,-1.0190892663984192,0.03760711530310801,-1.0044758719435918,0.6899360765945929,-0.8533562872848731,-0.11024676298991931,-0.7757293469143793,-0.211543994501177,-0.8063772719324798,-0.30965016222644204,0.0610390700272222,0.24880427848477643,-0.8760346046570717,-1.0169364056045824,-0.9593726825929101,-0.9320114249247476,-0.5200538251977088
145,-0.9239108361087214,-0.2906987751395028,0.2159085457594867,-1.0190892663984192,0.03760711530310801,-1.0044758719435918,0.6899360765945929,-0.8533562872848731,-0.11024676298991931,-0.7757293469143793,-0.211543994501177,-0.8063772719324798,-0.30965016222644204,0.0610390700272222,0.24880427848477643,-0.8760346046570717,-1.0169364056045824,-0.9593726825929101,-0.9320114249247476,-0.5200538251977088
146,-0.9239108361087214,-0.2906987751395028,0.2159085457594867,-1.0190892663984192,0.03760711530310801,-1.0044758719435918,0.6899360765945929,-0.8533562872848731,-0.11024676298991931,-0.7757293469143793,-0.211543994501177,-0.8063772719324798,-0.30965016222644204,0.0610390700272222,0.24880427848477643,-0.8760346046570717,-1.0169364056045824,-0.9593726825929101,-0.9320114249247476,-0.5200538251977088
147,-0.9239108361087214,-0.2906987751395028,0.2159085457594867,-1.0190892663984192,0.03760711530310801,-1.0044758719435918,0.6899360765945929,-0.8533562872848731,-0.11024676298991931,-0.7757293469143793,-0.211543994501177,-0.8063772719324798,-0.30965016222644204,0.0610390700272222,0.24880427848477643,-0.8760346046570717,-1.0169364056045824,-0.9593726825929101,-0.9320114249247476,-0.5200538251977088
148,-0.9239108361087214,-0.2906987751395028,0.2159085457594867,-1.0190892663984192,0.03760711530310801,-1.0044758719435918,0.6899360765945929,-0.8533562872848731,-0.11024676298991931,-0.7757293469143793,-0.211543994501177,-0.8063772719324798,-0.30965016222644204,0.0610390700272222,0.24880427848477643,-0.8760346046570717,-1.0169364056045824,-0.9593726825929101,-0.9320114249247476,-0.5200538251977088
149,-0.9239108361087214,-0.2906987751395028,0.2159085457594867,-1.0190892663984192,0.03760711530310801,-1.0044758719435918,0.6899360765945929,-0.8533562872848731,-0.11024676298991931,-0.7757293469143793,-0.211543994501177,-0.8063772719324798,-0.30965016222644204,0.0610390700272222,0.24880427848477643,-0.8760346046570717,-1.0169364056045824,-0.9593726825929101,-0.9320114249247476,-0.5200538251977088
150,-0.9239108361087214,-0.2906987751395028,0.2159085457594867,-1.0190892663984192,0.03760711530310801,-1.0044758719435918,0.6899360765945929,-0.8533562872848731,-0.11024676298991931,-0.7757293469143793,-0.211543994501177,-0.8063772719324798,-0.30965016222644204,0.0610390700272222,0.24880427848477643,-0.8760346046570717,-1.0169364056045824,-0.9593726825929101,-0.9320114249247476,-0.5200538251977088
151,-0.9239108361087214,-0.2906987751395028,0.2159085457594867,-1.0190892663984192,0.03760711530310801,-1.0044758719435918,0.6899360765945929,-0.8533562872848731,-0.11024676298991931,-0.7757293469143793,-0.211543994501177,-0.8063772719324798,-0.30965016222644204,0.0610390700272222,0.24880427848477643,-0.8760346046570717,-1.0169364056045824,-0.9593726825929101,-0.9320114249247476,-0.5200538251977088
152,-0.9239108361087214,-0.2906987751395028,0.2159085457594867,-1.0190892663984192,0.03760711530310801,-1.0044758719435918,0.6899360765945929,-0.8533562872848731,-0.11024676298991931,-0.7757293469143793,-0.211543994501177,-0.8063772719324798,-0.30965016222644204,0.0610390700272222,0.24880427848477643,-0.8760346046570717,-1.0169364056045824,-0.9593726825929101,-0.9320114249247476,-0.5200538251977088
153,-0.9239108361087214,-0.2906987751395028,0.2159085457594867,-1.0190892663984192,0.03760711530310801,-1.0044758719435918,0.6899360765945929,-0.8533562872848731,-0.11024676298991931,-0.7757293469143793,-0.211543994501177,-0.8063772719324798,-0.30965016222644204,0.0610390700272222,0.24880427848477643,-0.8760346046570717,-1.0169364056045824,-0.9593726825929101,-0.9320114249247476,-0.5200538251977088
154,-0.9239108361087214,-0.2906987751395028,0.2159085457594867,-1.0190892663984192,0.03760711530310801,-1.0044758719435918,0.6899360765945929,-0.8533562872848731,-0.11024676298991931,-0.7757293469143793,-0.211543994501177,-0.8063772719324798,-0.30965016222644204,0.0610390700272222,0.24880427848477643,-0.8760346046570717,-1.0169364056045824,-0.9593726825929101,-0.9320114249247476,-0.5200538251977088
155,-0.9239108361087214,-0.2906987751395028,0.2159085457594867,-1.0190892663984192,0.03760711530310801,-1.0044758719435918,0.6899360765945929,-0.8533562872848731,-0.11024676298991931,-0.7757293469143793,-0.211543994501177,-0.8063772719324798,-0.30965016222644204,0.0610390700272222,0.24880427848477643,-0.8760346046570717,-1.0169364056045824,-0.9593726825929101,-0.9320114249247476,-0.5200538251977088
156,-0.9239108361087214,-0.2906987751395028,0.2159085457594867,-1.0190892663984192,0.03760711530310801,-1.0044758719435918,0.6899360765945929,-0.8533562872848731,-0.11024676298991931,-0.7757293469143793,-0.211543994501177,-0.8063772719324798,-0.30965016222644204,0.0610390700272222,0.24880427848477643,-0.8760346046570717,-1.0169364056045824,-0.9593726825929101,-0.9320114249247476,-0.5200538251977088
157,-0.9239108361087214,-0.2906987751395028,0.2159085457594867,-1.0190892663984192,0.03760711530310801,-1.0044758719435918,0.6899360765945929,-0.8533562872848731,-0.11024676298991931,-0.7757293469143793,-0.211543994501177,-0.8063772719324798,-0.30965016222644204,0.0610390700272222,0.24880427848477643,-0.8760346046570717,-1.0169364056045824,-0.9593726825929101,-0.9320114249247476,-0.5200538251977088
158,-0.9239108361087214,-0.2906987751395028,0.2159085457594867,-1.0190892663984192,0.03760711530310801,-1.0044758719435918,0.6899360765945929,-0.8533562872848731,-0.11024676298991931,-0.7757293469143793,-0.42142169654390216,-0.8063772719324798,-0.30965016222644204,0.0610390700272222,0.24880427848477643,-0.8760346046570717,-1.0169364056045824,-0.9593726825929101,-0.9320114249247476,-0.5200538251977088
159,-0.9239108361087214,-0.2906987751395028,0.2159085457594867,-1.0190892663984192,0.03760711530310801,-1.0044758719435918,0.6899360765945929,-0.8533562872848731,-0.11024676298991931,-0.7757293469143793,-0.42142169654390216,-0.8063772719324798,-0.30965016222644204,0.0610390700272222,0.24880427848477643,-0.8760346046570717,-1.0169364056045824,-0.9593726825929101,-0.9320114249247476,-0.5200538251977088
160,-0.9239108361087214,-0.2906987751395028,0.2159085457594867,-1.0190892663984192,0.03760711530310801,-1.0044758719435918,0.6899360765945929,-0.8533562872848731,-0.11024676298991931,-0.7757293469143793,-0.42142169654390216,-0.8063772719324798,-0.30965016222644204,0.0610390700272222,0.24880427848477643,-0.8760346046570717,-1.0169364056045824,-0.9593726825929101,-0.9320114249247476,-0.5200538251977088
161,-0.9239108361087214,-0.2906987751395028,0.2159085457594867,-1.0190892663984192,0.03760711530310801,-1.0044758719435918,0.6899360765945929,-0.8533562872848731,-0.11024676298991931,-0.7757293469143793,-0.42142169654390216,-0.8063772719324798,-0.30965016222644204,0.0610390700272222,0.24880427848477643,-0.8760346046570717,-1.0169364056045824,-0.9593726825929101,-0.9320114249247476,-0.5200538251977088
162,-0.9239108361087214,-0.2906987751395028,-0.6082067328269373,-1.0190892663984192,0.03760711530310801,-1.0044758719435918,0.13079464263846124,-0.8533562872848731,-0.11024676298991931,-0.7757293469143793,-0.42142169654390216,-0.8063772719324798,-0.30965016222644204,0.0610390700272222,0.24880427848477643,-0.8760346046570717,-1.0169364056045824,-0.9593726825929101,-0.9320114249247476,-0.5200538251977088
163,-0.9239108361087214,-0.2906987751395028,-0.6082067328269373,-1.0190892663984192,0.03760711530310801,-1.0044758719435918,0.13079464263846124,-0.8533562872848731,-0.11024676298991931,-0.7757293469143793,-0.42142169654390216,-0.8063772719324798,-0.30965016222644204,0.0610390700272222,0.24880427848477643,-0.8760346046570717,-1.0169364056045824,-0.9593726825929101,-0.9320114249247476,-0.5200538251977088
164,-0.9239108361087214,-0.2906987751395028,-0.6082067328269373,-1.0190892663984192,0.03760711530310801,-1.0044758719435918,0.13079464263846124,-0.8533562872848731,-0.11024676298991931,-0.7757293469143793,-0.42142169654390216,-0.8063772719324798,-0.845229422140354,0.0610390700272222,0.24880427848477643,-0.8760346046570717,-1.0169364056045824,-0.9593726825929101,-0.9320114249247476,-0.5200538251977088
165,-0.9239108361087214,-0.2906987751395028,-0.6082067328269373,-1.0190892663984192,0.03760711530310801,-1.0044758719435918,0.13079464263846124,-0.8533562872848731,-0.11024676298991931,-0.7757293469143793,-0.42142169654390216,-0.8063772719324798,-0.845229422140354,0.0610390700272222,0.24880427848477643,-0.8760346046570717,-1.0169364056045824,-0.9593726825929101,-0.9320114249247476,-0.5200538251977088
166,-0.9239108361087214,-0.2906987751395028,-0.6082067328269373,-1.0190892663984192,0.03760711530310801,-1.0044758719435918,0.13079464263846124,-0.8533562872848731,-0.11024676298991931,-0.7757293469143793,-0.42142169654390216,-0.8063772719324798,-0.845229422140354,0.0610390700272222,0.24880427848477643,-0.8760346046570717,-1.0169364056045824,-0.9593726825929101,-0.9320114249247476,-0.5200538251977088
167,-0.9239108361087214,-0.2906987751395028,-0.6082067328269373,-1.0190892663984192,0.03760711530310801,-1.0044758719435918,0.13079464263846124,-0.8533562872848731,-0.11024676298991931,-0.7757293469143793,-0.42142169654390216,-0.8063772719324798,-0.845229422140354,0.0610390700272222,0.24880427848477643,-0.8760346046570717,-1.0169364056045824,-0.9593726825929101,-0.9320114249247476,-0.5200538251977088
168,-0.9239108361087214,-0.2906987751395028,-0.6082067328269373,-1.0190892663984192,-0.4675338788527488,-1.0044758719435918,0.13079464263846124,-0.8533562872848731,-0.11024676298991931,-0.7757293469143793,-0.42142169654390216,-0.8063772719324798,-0.845229422140354,0.0610390700272222,0.24880427848477643,-0.8760346046570717,-1.0169364056045824,-0.9593726825929101,-0.9320114249247476,-0.5200538251977088
169,-0.9239108361087214,-0.2906987751395028,-0.6082067328269373,-1.0190892663984192,-0.4675338788527488,-1.0044758719435918,0.13079464263846124,-0.8533562872848731,-0.11024676298991931,-0.7757293469143793,-0.42142169654390216,-1.0122062488727652,-0.845229422140354,0.0610390700272222,0.24880427848477643,-0.8760346046570717,-1.0169364056045824,-0.9593726825929101,-0.9320114249247476,-0.5200538251977088
170,-0.9239108361087214,-0.2906987751395028,-0.6082067328269373,-1.0190892663984192,-0.4675338788527488,-1.0044758719435918,0.13079464263846124,-0.8533562872848731,-0.11024676298991931,-0.7757293469143793,-0.42142169654390216,-1.0122062488727652,-0.845229422140354,0.0610390700272222,0.24880427848477643,-0.8760346046570717,-1.0169364056045824,-0.9593726825929101,-0.9320114249247476,-0.5200538251977088
171,-0.9239108361087214,-0.2906987751395028,-0.6082067328269373,-1.0190892663984192,-0.4675338788527488,-1.0044758719435918,0.13079464263846124,-0.8533562872848731,-0.11024676298991931,-0.7757293469143793,-0.42142169654390216,-1.0122062488727652,-0.845229422140354,0.0610390700272222,0.24880427848477643,-0.8760346046570717,-1.0169364056045824,-0.9593726825929101,-0.9320114249247476,-0.5200538251977088
172,-0.9239108361087214,-0.2906987751395028,-0.6082067328269373,-1.0190892663984192,-0.4675338788527488,-1.0044758719435918,0.13079464263846124,-0.8533562872848731,-0.11024676298991931,-0.7757293469143793,-0.42142169654390216,-1.0122062488727652,-0.845229422140354,0.0610390700272222,0.24880427848477643,-0.8760346046570717,-1.0169364056045824,-0.9593726825929101,-0.9320114249247476,-0.5200538251977088
173,-0.9239108361087214,-0.2906987751395028,-0.6082067328269373,-1.0190892663984192,-0.4675338788527488,-1.0044758719435918,0.13079464263846124,-0.8533562872848731,-0.11024676298991931,-0.7757293469143793,-0.42142169654390216,-1.0122062488727652,-0.845229422140354,0.0610390700272222,0.24880427848477643,-0.8760346046570717,-1.0169364056045824,-0.9593726825929101,-0.9320114249247476,-0.5200538251977088
174,-0.9239108361087214,-0.2906987751395028,-0.6082067328269373,-1.0190892663984192,-0.4675338788527488,-1.0044758719435918,0.13079464263846124,-0.8533562872848731,-0.11024676298991931,-0.7757293469143793,-0.42142169654390216,-1.0122062488727652,-0.845229422140354,0.0610390700272222,0.24880427848477643,-0.8760346046570717,-1.0169364056045824,-0.9593726825929101,-0.9320114249247476,-0.5200538251977088
175,-0.9239108361087214,-0.2906987751395028,-0.6082067328269373,-1.0190892663984192,-0.4675338788527488,-1.0044758719435918,0.13079464263846124,-0.8533562872848731,-0.11024676298991931,-0.7757293469143793,-0.42142169654390216,-1.0122062488727652,-0.845229422140354,0.0610390700272222,0.24880427848477643,-0.8760346046570717,-1.0169364056045824,-0.9593726825929101,-0.9320114249247476,-0.5200538251977088
176,-0.9239108361087214,-0.2906987751395028,-0.6082067328269373,-1.0190892663984192,-0.4675338788527488,-1.0044758719435918,0.13079464263846124,-0.8533562872848731,-0.11024676298991931,-0.7757293469143793,-0.42142169654390216,-1.0122062488727652,-0.845229422140354,0.0610390700272222,0.24880427848477643,-0.8760346046570717,-1.0169364056045824,-0.9593726825929101,-0.9320114249247476,-0.5200538251977088
177,-0.9239108361087214,-0.2906987751395028,-0.6082067328269373,-1.0190892663984192,-0.4675338788527488,-1.0044758719435918,0.13079464263846124,-0.8533562872848731,-0.11024676298991931,-0.7757293469143793,-0.42142169654390216,-1.0122062488727652,-0.845229422140354,0.0610390700272222,0.24880427848477643,-0.8760346046570717,-1.0169364056045824,-0.9593726825929101,-0.9320114249247476,-0.5200538251977088
178,-0.9239108361087214,-0.2906987751395028,-0.6082067328269373,-1.0190892663984192,-0.4675338788527488,-1.0044758719435918,0.13079464263846124,-0.8533562872848731,-0.11024676298991931,-0.7757293469143793,-0.42142169654390216,-1.0122062488727652,-0.845229422140354,0.0610390700272222,0.24880427848477643,-0.8760346046570717,-1.0169364056045824,-0.9593726825929101,-0.9320114249247476,-0.5200538251977088
179,-0.9239108361087214,-0.2906987751395028,-0.6082067328269373,-1.0190892663984192,-0.4675338788527488,-1.0044758719435918,0.13079464263846124,-0.8533562872848731,-0.11024676298991931,-0.7757293469143793,-0.42142169654390216,-1.0122062488727652,-0.845229422140354,0.0610390700272222,0.24880427848477643,-0.8760346046570717,-1.0169364056045824,-0.9593726825929101,-0.9320114249247476,-0.5200538251977088
180,-0.9239108361087214,-0.2906987751395028,-0.6082067328269373,-1.0190892663984192,-0.4675338788527488,-1.0044758719435918,0.13079464263846124,-0.8533562872848731,-0.11024676298991931,-0.7757293469143793,-0.42142169654390216,-1.0122062488727652,-0.845229422140354,-0.6655283279297313,0.24880427848477643,-0.8760346046570717,-1.0169364056045824,-0.9593726825929101,-0.9320114249247476,-0.5200538251977088
181,-0.9239108361087214,-0.2906987751395028,-0.6082067328269373,-1.0190892663984192,-0.4675338788527488,-1.0044758719435918,0.13079464263846124,-0.8533562872848731,-0.11024676298991931,-0.7757293469143793,-0.42142169654390216,-1.0122062488727652,-0.845229422140354,-0.6655283279297313,0.24880427848477643,-0.8760346046570717,-1.0169364056045824,-0.9593726825929101,-0.9320114249247476,-0.5200538251977088
182,-0.9239108361087214,-0.2906987751395028,-0.6082067328269373,-1.0190892663984192,-0.4675338788527488,-1.0044758719435918,0.13079464263846124,-0.8533562872848731,-0.11024676298991931,-0.7757293469143793,-0.42142169654390216,-1.0122062488727652,-0.845229422140354,-0.6655283279297313,0.24880427848477643,-0.8760346046570717,-1.0169364056045824,-0.9593726825929101,-0.9320114249247476,-0.5200538251977088
183,-0.9239108361087214,-0.2906987751395028,-0.6082067328269373,-1.0190892663984192,-0.4675338788527488,-1.0044758719435918,0.13079464263846124,-0.8533562872848731,-0.11024676298991931,-0.7757293469143793,-0.42142169654390216,-1.0122062488727652,-0.845229422140354,-0.6655283279297313,0.24880427848477643,-0.8760346046570717,-1.0169364056045824,-0.9593726825929101,-0.9320114249247476,-0.5200538251977088
184,-0.9239108361087214,-0.2906987751395028,-0.6082067328269373,-1.0190892663984192,-0.4675338788527488,-1.0044758719435918,0.13079464263846124,-0.8533562872848731,-0.11024676298991931,-0.7757293469143793,-0.42142169654390216,-1.0122062488727652,-0.845229422140354,-0.6655283279297313,0.24880427848477643,-0.8760346046570717,-1.0169364056045824,-0.9593726825929101,-0.9320114249247476,-0.5200538251977088
185,-0.9239108361087214,-0.2906987751395028,-0.6082067328269373,-1.0190892663984192,-0.4675338788527488,-1.0044758719435918,0.13079464263846124,-0.8533562872848731,-0.11024676298991931,-0.7757293469143793,-0.42142169654390216,-1.0122062488727652,-0.845229422140354,-0.6655283279297313,0.24880427848477643,-0.8760346046570717,-1.0169364056045824,-0.9593726825929101,-0.9320114249247476,-0.5200538251977088
186,-0.9239108361087214,-0.2906987751395028,-0.6082067328269373,-1.0190892663984192,-0.4675338788527488,-1.0044758719435918,0.13079464263846124,-0.8533562872848731,-0.11024676298991931,-0.7757293469143793,-0.42142169654390216,-1.0122062488727652,-0.845229422140354,-0.6655283279297313,0.24880427848477643,-0.8760346046570717,-1.0169364056045824,-0.9593726825929101,-0.9320114249247476,-0.5200538251977088
187,-0.9239108361087214,-0.2906987751395028,-0.6082067328269373,-1.0190892663984192,-0.4675338788527488,-1.0044758719435918,0.13079464263846124,-0.8533562872848731,-0.11024676298991931,-0.7757293469143793,-0.42142169654390216,-1.0122062488727652,-0.845229422140354,-0.6655283279297313,0.24880427848477643,-0.8760346046570717,-1.0169364056045824,-0.9593726825929101,-0.9320114249247476,-0.5200538251977088
188,-0.9239108361087214,-0.2906987751395028,-0.6082067328269373,-1.0190892663984192,-0.4675338788527488,-1.0044758719435918,0.13079464263846124,-0.8533562872848731,-0.11024676298991931,-0.7757293469143793,-0.42142169654390216,-1.0122062488727652,-0.845229422140354,-0.6655283279297313,0.24880427848477643,-0.8760346046570717,-1.0169364056045824,-0.9593726825929101,-0.9320114249247476,-0.5200538251977088
189,-0.9239108361087214,-0.2906987751395028,-0.6082067328269373,-1.0190892663984192,-0.4675338788527488,-1.0044758719435918,0.13079464263846124,-0.8533562872848731,-0.11024676298991931,-0.7757293469143793,-0.42142169654390216,-1.0122062488727652,-0.845229422140354,-0.6655283279297313,0.24880427848477643,-0.8760346046570717,-1.0169364056045824,-0.9593726825929101,-0.9320114249247476,-0.5200538251977088
190,-0.9239108361087214,-0.2906987751395028,-0.6082067328269373,-1.0190892663984192,-0.4675338788527488,-1.0044758719435918,0.13079464263846124,-0.8533562872848731,-0.11024676298991931,-0.7757293469143793,-0.42142169654390216,-1.0122062488727652,-0.845229422140354,-0.6655283279297313,0.24880427848477643,-0.8760346046570717,-1.0169364056045824,-0.9593726825929101,-0.9320114249247476,-0.5200538251977088
191,-0.9239108361087214,-0.2906987751395028,-0.6082067328269373,-1.0190892663984192,-0.4675338788527488,-1.0044758719435918,0.13079464263846124,-0.8533562872848731,-0.11024676298991931,-0.7757293469143793,-0.42142169654390216,-1.0122062488727652,-0.845229422140354,-0.6655283279297313,0.24880427848477643,-0.8760346046570717,-1.0169364056045824,-0.9593726825929101,-0.9320114249247476,-0.5200538251977088
192,-0.9239108361087214,-0.2906987751395028,-0.6082067328269373,-1.0190892663984192,-0.4675338788527488,-1.0044758719435918,0.13079464263846124,-0.8533562872848731,-0.11024676298991931,-0.7757293469143793,-0.42142169654390216,-1.0122062488727652,-0.845229422140354,-0.6655283279297313,0.24880427848477643,-0.8760346046570717,-1.0169364056045824,-0.9593726825929101,-0.9320114249247476,-0.5200538251977088
193,-0.9239108361087214,-0.2906987751395028,-0.6082067328269373,-1.0190892663984192,-0.4675338788527488,-1.0044758719435918,0.13079464263846124,-0.8533562872848731,-0.11024676298991931,-0.7757293469143793,-0.42142169654390216,-1.0122062488727652,-0.845229422140354,-0.6655283279297313,0.24880427848477643,-0.8760346046570717,-1.0169364056045824,-0.9593726825929101,-0.9320114249247476,-0.5200538251977088
194,-0.9239108361087214,-0.2906987751395028,-0.6082067328269373,-1.0190892663984192,-0.4675338788527488,-1.0044758719435918,0.13079464263846124,-0.8533562872848731,-0.11024676298991931,-0.7757293469143793,-0.42142169654390216,-1.0122062488727652,-0.845229422140354,-0.6655283279297313,0.24880427848477643,-0.8760346046570717,-1.0169364056045824,-0.9593726825929101,-0.9320114249247476,-0.5200538251977088
195,-0.9239108361087214,-0.2906987751395028,-0.6082067328269373,-1.0190892663984192,-0.4675338788527488,-1.0044758719435918,0.13079464263846124,-0.8533562872848731,-0.11024676298991931,-0.7757293469143793,-0.42142169654390216,-1.0122062488727652,-0.845229422140354,-0.6655283279297313,0.24880427848477643,-0.8760346046570717,-1.0169364056045824,-0.9593726825929101,-0.9320114249247476,-0.5200538251977088
196,-0.9239108361087214,-0.2906987751395028,-0.6082067328269373,-1.0190892663984192,-0.4675338788527488,-1.0044758719435918,0.13079464263846124,-0.8533562872848731,-0.11024676298991931,-0.7757293469143793,-0.42142169654390216,-1.0122062488727652,-0.845229422140354,-0.6655283279297313,0.24880427848477643,-0.8760346046570717,-1.0169364056045824,-0.9593726825929101,-0.9320114249247476,-0.5200538251977088
197,-0.9239108361087214,-0.2906987751395028,-0.6082067328269373,-1.0190892663984192,-0.4675338788527488,-1.0044758719435918,0.13079464263846124,-0.8533562872848731,-0.11024676298991931,-0.7757293469143793,-0.42142169654390216,-1.0122062488727652,-0.845229422140354,-0.6655283279297313,0.24880427848477643,-0.8760346046570717,-1.0169364056045824,-0.9593726825929101,-0.9320114249247476,-0.5200538251977088
198,-0.9239108361087214,-0.2906987751395028,-0.6082067328269373,-1.0190892663984192,-0.4675338788527488,-1.0044758719435918,0.13079464263846124,-0.8533562872848731,-0.11024676298991931,-0.7757293469143793,-0.42142169654390216,-1.0122062488727652,-0.845229422140354,-0.6655283279297313,-0.26158017946928885,-0.8760346046570717,-1.0169364056045824,-0.9593726825929101,-0.9320114249247476,-0.5200538251977088
199,-0.9239108361087214,-0.2906987751395028,-0.6082067328269373,-1.0190892663984192,-0.4675338788527488,-1.0044758719435918,0.13079464263846124,-0.8533562872848731,-0.11024676298991931,-0.7757293469143793,-0.5008044139488079,-1.0122062488727652,-0.845229422140354,-0.6655283279297313,-0.26158017946928885,-0.8760346046570717,-1.0169364056045824,-0.9593726825929101,-0.9320114249247476,-0.5200538251977088
200,-0.9239108361087214,-0.2906987751395028,-0.6082067328269373,-1.0190892663984192,-0.4675338788527488,-1.0044758719435918,0.13079464263846124,-0.8533562872848731,-0.11024676298991931,-0.7757293469143793,-0.5008044139488079,-1.0122062488727652,-0.845229422140354,-0.6655283279297313,-0.26158017946928885,-0.8760346046570717,-1.0169364056045824,-0.9593726825929101,-0.9320114249247476,-0.5200538251977088
