,0,1,2,3,4,5,6,7,8,9
0,-0.08440109682665266,-0.09752012721585074,-0.1136679251599734,-0.07176828534263612,-0.0482067360387254,-0.07380603758591575,-0.05232951276121882,-0.07057284061915627,-0.05486097009704481,-0.06929735091885886
1,-0.08440109682665266,-0.09752012721585074,-0.1136679251599734,-0.07176828534263612,-0.06046055042458219,-0.07380603758591575,-0.05232951276121882,-0.07057284061915627,-0.05486097009704481,-0.06929735091885886
2,-0.08440109682665266,-0.09752012721585074,-0.1136679251599734,-0.07176828534263612,-0.06046055042458219,-0.07380603758591575,-0.05232951276121882,-0.07057284061915627,-0.05486097009704481,-0.06929735091885886
3,-0.08440109682665266,-0.09752012721585074,-0.1136679251599734,-0.07176828534263612,-0.06046055042458219,-0.07380603758591575,-0.059837505192088976,-0.07057284061915627,-0.07235295969539245,-0.06929735091885886
4,-0.08440109682665266,-0.09752012721585074,-0.1136679251599734,-0.07176828534263612,-0.06046055042458219,-0.07380603758591575,-0.059837505192088976,-0.07057284061915627,-0.07272058602549211,-0.06929735091885886
5,-0.08440109682665266,-0.10066791374930847,-0.1136679251599734,-0.07176828534263612,-0.06046055042458219,-0.07380603758591575,-0.059837505192088976,-0.07057284061915627,-0.07272058602549211,-0.06929735091885886
6,-0.08440109682665266,-0.10066791374930847,-0.1136679251599734,-0.07176828534263612,-0.06046055042458219,-0.07380603758591575,-0.059837505192088976,-0.07057284061915627,-0.07272058602549211,-0.06929735091885886
7,-0.08440109682665266,-0.10066791374930847,-0.1136679251599734,-0.07176828534263612,-0.09430722622245827,-0.07380603758591575,-0.059837505192088976,-0.07590874033706196,-0.07272058602549211,-0.06929735091885886
8,-0.08440109682665266,-0.10066791374930847,-0.1136679251599734,-0.07176828534263612,-0.09430722622245827,-0.07380603758591575,-0.059837505192088976,-0.07590874033706196,-0.07272058602549211,-0.06929735091885886
9,-0.08440109682665266,-0.10066791374930847,-0.1136679251599734,-0.07176828534263612,-0.09430722622245827,-0.07380603758591575,-0.059837505192088976,-0.07590874033706196,-0.08468394531206858,-0.06929735091885886
10,-0.08440109682665266,-0.10066791374930847,-0.1136679251599734,-0.07176828534263612,-0.09430722622245827,-0.07380603758591575,-0.059837505192088976,-0.07590874033706196,-0.08468394531206858,-0.06929735091885886
11,-0.08440109682665266,-0.10066791374930847,-0.1136679251599734,-0.07176828534263612,-0.09430722622245827,-0.07380603758591575,-0.059837505192088976,-0.09043616152827937,-0.08468394531206858,-0.06929735091885886
12,-0.08440109682665266,-0.10066791374930847,-0.1136679251599734,-0.07176828534263612,-0.09430722622245827,-0.07380603758591575,-0.059837505192088976,-0.09043616152827937,-0.08468394531206858,-0.06929735091885886
13,-0.08440109682665266,-0.10066791374930847,-0.1136679251599734,-0.07176828534263612,-0.09430722622245827,-0.07380603758591575,-0.059837505192088976,-0.09043616152827937,-0.08468394531206858,-0.06929735091885886
14,-0.08440109682665266,-0.10066791374930847,-0.1136679251599734,-0.07176828534263612,-0.09430722622245827,-0.07380603758591575,-0.059837505192088976,-0.09043616152827937,-0.08468394531206858,-0.06929735091885886
15,-0.08440109682665266,-0.10066791374930847,-0.1136679251599734,-0.07176828534263612,-0.09430722622245827,-0.07380603758591575,-0.07753722111945126,-0.09043616152827937,-0.08468394531206858,-0.06929735091885886
16,-0.08440109682665266,-0.10066791374930847,-0.1136679251599734,-0.07176828534263612,-0.09430722622245827,-0.07380603758591575,-0.07753722111945126,-0.09043616152827937,-0.08468394531206858,-0.08467001772785461
17,-0.08440109682665266,-0.10066791374930847,-0.1136679251599734,-0.07176828534263612,-0.09430722622245827,-0.07380603758591575,-0.07753722111945126,-0.09043616152827937,-0.08468394531206858,-0.08467001772785461
18,-0.08440109682665266,-0.10066791374930847,-0.1136679251599734,-0.07176828534263612,-0.09430722622245827,-0.08625571940684829,-0.07753722111945126,-0.09043616152827937,-0.08468394531206858,-0.08467001772785461
19,-0.08440109682665266,-0.10066791374930847,-0.1136679251599734,-0.07176828534263612,-0.09430722622245827,-0.08625571940684829,-0.07753722111945126,-0.09043616152827937,-0.08468394531206858,-0.08467001772785461
20,-0.08440109682665266,-0.10066791374930847,-0.1136679251599734,-0.07176828534263612,-0.09430722622245827,-0.08625571940684829,-0.07753722111945126,-0.09043616152827937,-0.08468394531206858,-0.08467001772785461
21,-0.08440109682665266,-0.10066791374930847,-0.1136679251599734,-0.07176828534263612,-0.09430722622245827,-0.08625571940684829,-0.07753722111945126,-0.09043616152827937,-0.08468394531206858,-0.08467001772785461
22,-0.08440109682665266,-0.10066791374930847,-0.1136679251599734,-0.07176828534263612,-0.09430722622245827,-0.08625571940684829,-0.07753722111945126,-0.09043616152827937,-0.08468394531206858,-0.08467001772785461
23,-0.08440109682665266,-0.10066791374930847,-0.1136679251599734,-0.07176828534263612,-0.09430722622245827,-0.08625571940684829,-0.08508091354543898,-0.09043616152827937,-0.08468394531206858,-0.08467001772785461
24,-0.08440109682665266,-0.10066791374930847,-0.1136679251599734,-0.07176828534263612,-0.09430722622245827,-0.08625571940684829,-0.08508091354543898,-0.09043616152827937,-0.08468394531206858,-0.08467001772785461
25,-0.08440109682665266,-0.10066791374930847,-0.1136679251599734,-0.07176828534263612,-0.09430722622245827,-0.08625571940684829,-0.08508091354543898,-0.09043616152827937,-0.08468394531206858,-0.08467001772785461
26,-0.08440109682665266,-0.10066791374930847,-0.1136679251599734,-0.07176828534263612,-0.09430722622245827,-0.08625571940684829,-0.08508091354543898,-0.09043616152827937,-0.08468394531206858,-0.08467001772785461
27,-0.08440109682665266,-0.10066791374930847,-0.1136679251599734,-0.07176828534263612,-0.09430722622245827,-0.08625571940684829,-0.08508091354543898,-0.09043616152827937,-0.08468394531206858,-0.08467001772785461
28,-0.08440109682665266,-0.10066791374930847,-0.1136679251599734,-0.07176828534263612,-0.09430722622245827,-0.08625571940684829,-0.08508091354543898,-0.09476455022117139,-0.08468394531206858,-0.08467001772785461
29,-0.08440109682665266,-0.10066791374930847,-0.1136679251599734,-0.07176828534263612,-0.09430722622245827,-0.08625571940684829,-0.08508091354543898,-0.09476455022117139,-0.08468394531206858,-0.08467001772785461
30,-0.08440109682665266,-0.10066791374930847,-0.1136679251599734,-0.07176828534263612,-0.09430722622245827,-0.08625571940684829,-0.08508091354543898,-0.09476455022117139,-0.08468394531206858,-0.08467001772785461
31,-0.08440109682665266,-0.10066791374930847,-0.1136679251599734,-0.07176828534263612,-0.09430722622245827,-0.08625571940684829,-0.08508091354543898,-0.09476455022117139,-0.08468394531206858,-0.08467001772785461
32,-0.08440109682665266,-0.10066791374930847,-0.1136679251599734,-0.07176828534263612,-0.09430722622245827,-0.08625571940684829,-0.08508091354543898,-0.09476455022117139,-0.08468394531206858,-0.08467001772785461
33,-0.08440109682665266,-0.10066791374930847,-0.1136679251599734,-0.07176828534263612,-0.09430722622245827,-0.08625571940684829,-0.08508091354543898,-0.09476455022117139,-0.08468394531206858,-0.08467001772785461
34,-0.08440109682665266,-0.10066791374930847,-0.1136679251599734,-0.07176828534263612,-0.09430722622245827,-0.08625571940684829,-0.08508091354543898,-0.09476455022117139,-0.08468394531206858,-0.08467001772785461
35,-0.08440109682665266,-0.10066791374930847,-0.1136679251599734,-0.07176828534263612,-0.09430722622245827,-0.08625571940684829,-0.08508091354543898,-0.09476455022117139,-0.08468394531206858,-0.08467001772785461
36,-0.08440109682665266,-0.10066791374930847,-0.1136679251599734,-0.07176828534263612,-0.09430722622245827,-0.08625571940684829,-0.08508091354543898,-0.09476455022117139,-0.08468394531206858,-0.08467001772785461
37,-0.08440109682665266,-0.10066791374930847,-0.1136679251599734,-0.07176828534263612,-0.09430722622245827,-0.08625571940684829,-0.08508091354543898,-0.09476455022117139,-0.08468394531206858,-0.08467001772785461
38,-0.08440109682665266,-0.10066791374930847,-0.1136679251599734,-0.07176828534263612,-0.09430722622245827,-0.08625571940684829,-0.08508091354543898,-0.09476455022117139,-0.08468394531206858,-0.08467001772785461
39,-0.08440109682665266,-0.10066791374930847,-0.1136679251599734,-0.07176828534263612,-0.09430722622245827,-0.08625571940684829,-0.08508091354543898,-0.09476455022117139,-0.08468394531206858,-0.08467001772785461
40,-0.08440109682665266,-0.10066791374930847,-0.1136679251599734,-0.07176828534263612,-0.09430722622245827,-0.08625571940684829,-0.08508091354543898,-0.09476455022117139,-0.08468394531206858,-0.08467001772785461
41,-0.08440109682665266,-0.10066791374930847,-0.1136679251599734,-0.07176828534263612,-0.09430722622245827,-0.08625571940684829,-0.08508091354543898,-0.09476455022117139,-0.08468394531206858,-0.08467001772785461
42,-0.08440109682665266,-0.10066791374930847,-0.1136679251599734,-0.07176828534263612,-0.09430722622245827,-0.08625571940684829,-0.08508091354543898,-0.09476455022117139,-0.08468394531206858,-0.08467001772785461
43,-0.08440109682665266,-0.10066791374930847,-0.1136679251599734,-0.07176828534263612,-0.09430722622245827,-0.08625571940684829,-0.08508091354543898,-0.09476455022117139,-0.08468394531206858,-0.08467001772785461
44,-0.08440109682665266,-0.10066791374930847,-0.1136679251599734,-0.07176828534263612,-0.09430722622245827,-0.09152303192553901,-0.08508091354543898,-0.09476455022117139,-0.08468394531206858,-0.08467001772785461
45,-0.08440109682665266,-0.10066791374930847,-0.1136679251599734,-0.07176828534263612,-0.09430722622245827,-0.09152303192553901,-0.09798127313362233,-0.09476455022117139,-0.08468394531206858,-0.08467001772785461
46,-0.08440109682665266,-0.10066791374930847,-0.1136679251599734,-0.07176828534263612,-0.09430722622245827,-0.09152303192553901,-0.09798127313362233,-0.09476455022117139,-0.08468394531206858,-0.08467001772785461
47,-0.08440109682665266,-0.10066791374930847,-0.1136679251599734,-0.07176828534263612,-0.09430722622245827,-0.09152303192553901,-0.09798127313362233,-0.09476455022117139,-0.08468394531206858,-0.08467001772785461
48,-0.08440109682665266,-0.10066791374930847,-0.1136679251599734,-0.07176828534263612,-0.09430722622245827,-0.09152303192553901,-0.09798127313362233,-0.09476455022117139,-0.08468394531206858,-0.08467001772785461
49,-0.08440109682665266,-0.10066791374930847,-0.1136679251599734,-0.07176828534263612,-0.09430722622245827,-0.09152303192553901,-0.09798127313362233,-0.09476455022117139,-0.08468394531206858,-0.08467001772785461
50,-0.08440109682665266,-0.10066791374930847,-0.1136679251599734,-0.07176828534263612,-0.09430722622245827,-0.09152303192553901,-0.09798127313362233,-0.09476455022117139,-0.08468394531206858,-0.08467001772785461
51,-0.08440109682665266,-0.10066791374930847,-0.1136679251599734,-0.07176828534263612,-0.09430722622245827,-0.09152303192553901,-0.09798127313362233,-0.09476455022117139,-0.08468394531206858,-0.08467001772785461
52,-0.08440109682665266,-0.10066791374930847,-0.1136679251599734,-0.07176828534263612,-0.09430722622245827,-0.09152303192553901,-0.09798127313362233,-0.09476455022117139,-0.08468394531206858,-0.08467001772785461
53,-0.08440109682665266,-0.10066791374930847,-0.1136679251599734,-0.07176828534263612,-0.09430722622245827,-0.09152303192553901,-0.09798127313362233,-0.09476455022117139,-0.08468394531206858,-0.08467001772785461
54,-0.08440109682665266,-0.10066791374930847,-0.1136679251599734,-0.07176828534263612,-0.09430722622245827,-0.09152303192553901,-0.09798127313362233,-0.09476455022117139,-0.08468394531206858,-0.08467001772785461
55,-0.08440109682665266,-0.10066791374930847,-0.1136679251599734,-0.07176828534263612,-0.09430722622245827,-0.09152303192553901,-0.09798127313362233,-0.09476455022117139,-0.08468394531206858,-0.08467001772785461
56,-0.08440109682665266,-0.10066791374930847,-0.1136679251599734,-0.07176828534263612,-0.09430722622245827,-0.09152303192553901,-0.09798127313362233,-0.09476455022117139,-0.08468394531206858,-0.08467001772785461
57,-0.08440109682665266,-0.10066791374930847,-0.1136679251599734,-0.07176828534263612,-0.09430722622245827,-0.09152303192553901,-0.09798127313362233,-0.09476455022117139,-0.08468394531206858,-0.08467001772785461
58,-0.08440109682665266,-0.10066791374930847,-0.1136679251599734,-0.07176828534263612,-0.09430722622245827,-0.09152303192553901,-0.09798127313362233,-0.09476455022117139,-0.08468394531206858,-0.08467001772785461
59,-0.08440109682665266,-0.10066791374930847,-0.1136679251599734,-0.07176828534263612,-0.09430722622245827,-0.09152303192553901,-0.09798127313362233,-0.09476455022117139,-0.08468394531206858,-0.08467001772785461
60,-0.08440109682665266,-0.10066791374930847,-0.1136679251599734,-0.07176828534263612,-0.09430722622245827,-0.09152303192553901,-0.09798127313362233,-0.09476455022117139,-0.08468394531206858,-0.08467001772785461
61,-0.08440109682665266,-0.10066791374930847,-0.1136679251599734,-0.07176828534263612,-0.09430722622245827,-0.09152303192553901,-0.09798127313362233,-0.09476455022117139,-0.08468394531206858,-0.08467001772785461
62,-0.08440109682665266,-0.10066791374930847,-0.1136679251599734,-0.07176828534263612,-0.09430722622245827,-0.09152303192553901,-0.09798127313362233,-0.09476455022117139,-0.08468394531206858,-0.08467001772785461
63,-0.08440109682665266,-0.10066791374930847,-0.1136679251599734,-0.07176828534263612,-0.09430722622245827,-0.09152303192553901,-0.09798127313362233,-0.09476455022117139,-0.08468394531206858,-0.08467001772785461
64,-0.08440109682665266,-0.10066791374930847,-0.1136679251599734,-0.07176828534263612,-0.09430722622245827,-0.09152303192553901,-0.09798127313362233,-0.09476455022117139,-0.08468394531206858,-0.08467001772785461
65,-0.08440109682665266,-0.10066791374930847,-0.1136679251599734,-0.0786977512002559,-0.09430722622245827,-0.09152303192553901,-0.09798127313362233,-0.09476455022117139,-0.10579910303087026,-0.08467001772785461
66,-0.08440109682665266,-0.10066791374930847,-0.1136679251599734,-0.0786977512002559,-0.09430722622245827,-0.09152303192553901,-0.09798127313362233,-0.09476455022117139,-0.10579910303087026,-0.08467001772785461
67,-0.08440109682665266,-0.10066791374930847,-0.1136679251599734,-0.0786977512002559,-0.09430722622245827,-0.09152303192553901,-0.09798127313362233,-0.09476455022117139,-0.10579910303087026,-0.08467001772785461
68,-0.08440109682665266,-0.10066791374930847,-0.1136679251599734,-0.0786977512002559,-0.09430722622245827,-0.09152303192553901,-0.09798127313362233,-0.09476455022117139,-0.10579910303087026,-0.08467001772785461
69,-0.08440109682665266,-0.10066791374930847,-0.1136679251599734,-0.0786977512002559,-0.09430722622245827,-0.09152303192553901,-0.09798127313362233,-0.09476455022117139,-0.10579910303087026,-0.08467001772785461
70,-0.08440109682665266,-0.10066791374930847,-0.1136679251599734,-0.08340619826762491,-0.09430722622245827,-0.09152303192553901,-0.09798127313362233,-0.09476455022117139,-0.10579910303087026,-0.08467001772785461
71,-0.08440109682665266,-0.10066791374930847,-0.1136679251599734,-0.08340619826762491,-0.09430722622245827,-0.09152303192553901,-0.09798127313362233,-0.09476455022117139,-0.10579910303087026,-0.08467001772785461
72,-0.08440109682665266,-0.10066791374930847,-0.1136679251599734,-0.08340619826762491,-0.09430722622245827,-0.09152303192553901,-0.09798127313362233,-0.09476455022117139,-0.10579910303087026,-0.08467001772785461
73,-0.08440109682665266,-0.10066791374930847,-0.1136679251599734,-0.08340619826762491,-0.09430722622245827,-0.09152303192553901,-0.09798127313362233,-0.09476455022117139,-0.10579910303087026,-0.08467001772785461
74,-0.08440109682665266,-0.10066791374930847,-0.1136679251599734,-0.08340619826762491,-0.09430722622245827,-0.09152303192553901,-0.09798127313362233,-0.09476455022117139,-0.10579910303087026,-0.08467001772785461
75,-0.08440109682665266,-0.10066791374930847,-0.1136679251599734,-0.08340619826762491,-0.09430722622245827,-0.09152303192553901,-0.09798127313362233,-0.09476455022117139,-0.10579910303087026,-0.08467001772785461
76,-0.08440109682665266,-0.10066791374930847,-0.1136679251599734,-0.08340619826762491,-0.09430722622245827,-0.09152303192553901,-0.09798127313362233,-0.09476455022117139,-0.10579910303087026,-0.08467001772785461
77,-0.08440109682665266,-0.10066791374930847,-0.1136679251599734,-0.08340619826762491,-0.09430722622245827,-0.09152303192553901,-0.09798127313362233,-0.09476455022117139,-0.10579910303087026,-0.08467001772785461
78,-0.08440109682665266,-0.10066791374930847,-0.1136679251599734,-0.08340619826762491,-0.09430722622245827,-0.09152303192553901,-0.09798127313362233,-0.09476455022117139,-0.10579910303087026,-0.08467001772785461
79,-0.08440109682665266,-0.10066791374930847,-0.1136679251599734,-0.08340619826762491,-0.09430722622245827,-0.09152303192553901,-0.09798127313362233,-0.09476455022117139,-0.10579910303087026,-0.08467001772785461
80,-0.08440109682665266,-0.10066791374930847,-0.1136679251599734,-0.08340619826762491,-0.09430722622245827,-0.09152303192553901,-0.09798127313362233,-0.09476455022117139,-0.10579910303087026,-0.08467001772785461
81,-0.08440109682665266,-0.10066791374930847,-0.1136679251599734,-0.08340619826762491,-0.09430722622245827,-0.09152303192553901,-0.09798127313362233,-0.09476455022117139,-0.10579910303087026,-0.08467001772785461
82,-0.08440109682665266,-0.10066791374930847,-0.1136679251599734,-0.08340619826762491,-0.09430722622245827,-0.09152303192553901,-0.09798127313362233,-0.09476455022117139,-0.10579910303087026,-0.08467001772785461
83,-0.08440109682665266,-0.10066791374930847,-0.1136679251599734,-0.08340619826762491,-0.09430722622245827,-0.09152303192553901,-0.09798127313362233,-0.09476455022117139,-0.10579910303087026,-0.08467001772785461
84,-0.08440109682665266,-0.10066791374930847,-0.1136679251599734,-0.08340619826762491,-0.09430722622245827,-0.09152303192553901,-0.09798127313362233,-0.09476455022117139,-0.10579910303087026,-0.08467001772785461
85,-0.08440109682665266,-0.10066791374930847,-0.1136679251599734,-0.08340619826762491,-0.09430722622245827,-0.09152303192553901,-0.09798127313362233,-0.09476455022117139,-0.10579910303087026,-0.08467001772785461
86,-0.08440109682665266,-0.10066791374930847,-0.1136679251599734,-0.08340619826762491,-0.09430722622245827,-0.09152303192553901,-0.09798127313362233,-0.09476455022117139,-0.10579910303087026,-0.08467001772785461
87,-0.08440109682665266,-0.10066791374930847,-0.1136679251599734,-0.08340619826762491,-0.09430722622245827,-0.09152303192553901,-0.09798127313362233,-0.09476455022117139,-0.10579910303087026,-0.08467001772785461
88,-0.08440109682665266,-0.10066791374930847,-0.1136679251599734,-0.08340619826762491,-0.09430722622245827,-0.09152303192553901,-0.09798127313362233,-0.09476455022117139,-0.10579910303087026,-0.08467001772785461
89,-0.08440109682665266,-0.10066791374930847,-0.1136679251599734,-0.08340619826762491,-0.09430722622245827,-0.09152303192553901,-0.09798127313362233,-0.09476455022117139,-0.10579910303087026,-0.08467001772785461
90,-0.08440109682665266,-0.10066791374930847,-0.1136679251599734,-0.08340619826762491,-0.09430722622245827,-0.09152303192553901,-0.09798127313362233,-0.09476455022117139,-0.10579910303087026,-0.08467001772785461
91,-0.08440109682665266,-0.10066791374930847,-0.1136679251599734,-0.08340619826762491,-0.09430722622245827,-0.09152303192553901,-0.09798127313362233,-0.09476455022117139,-0.10579910303087026,-0.08467001772785461
92,-0.08440109682665266,-0.10066791374930847,-0.1136679251599734,-0.08340619826762491,-0.09430722622245827,-0.09152303192553901,-0.09798127313362233,-0.09476455022117139,-0.10579910303087026,-0.08467001772785461
93,-0.08440109682665266,-0.10066791374930847,-0.1136679251599734,-0.08340619826762491,-0.09430722622245827,-0.09152303192553901,-0.09798127313362233,-0.09476455022117139,-0.10579910303087026,-0.08467001772785461
94,-0.08440109682665266,-0.10066791374930847,-0.1136679251599734,-0.08340619826762491,-0.09430722622245827,-0.09152303192553901,-0.09798127313362233,-0.09476455022117139,-0.10579910303087026,-0.08467001772785461
95,-0.08440109682665266,-0.10066791374930847,-0.1136679251599734,-0.08340619826762491,-0.09430722622245827,-0.09152303192553901,-0.09798127313362233,-0.09476455022117139,-0.10579910303087026,-0.08467001772785461
96,-0.08440109682665266,-0.10066791374930847,-0.1136679251599734,-0.08696525139345142,-0.09430722622245827,-0.09152303192553901,-0.09798127313362233,-0.09476455022117139,-0.10579910303087026,-0.08467001772785461
97,-0.08440109682665266,-0.10066791374930847,-0.1136679251599734,-0.08696525139345142,-0.09430722622245827,-0.09152303192553901,-0.09798127313362233,-0.09476455022117139,-0.10579910303087026,-0.08467001772785461
98,-0.08440109682665266,-0.10066791374930847,-0.1136679251599734,-0.08696525139345142,-0.09430722622245827,-0.09152303192553901,-0.09798127313362233,-0.09476455022117139,-0.10579910303087026,-0.08467001772785461
99,-0.08440109682665266,-0.10066791374930847,-0.1136679251599734,-0.08696525139345142,-0.09430722622245827,-0.09152303192553901,-0.09798127313362233,-0.09476455022117139,-0.10579910303087026,-0.08467001772785461
100,-0.08440109682665266,-0.10066791374930847,-0.1136679251599734,-0.08696525139345142,-0.09430722622245827,-0.09152303192553901,-0.09798127313362233,-0.09476455022117139,-0.10579910303087026,-0.08467001772785461
101,-0.08440109682665266,-0.10066791374930847,-0.1136679251599734,-0.08696525139345142,-0.09430722622245827,-0.09152303192553901,-0.09798127313362233,-0.09476455022117139,-0.10579910303087026,-0.08467001772785461
102,-0.08440109682665266,-0.10066791374930847,-0.1136679251599734,-0.08696525139345142,-0.09430722622245827,-0.09152303192553901,-0.09798127313362233,-0.09476455022117139,-0.10579910303087026,-0.08467001772785461
103,-0.08440109682665266,-0.10066791374930847,-0.1136679251599734,-0.08696525139345142,-0.09430722622245827,-0.09152303192553901,-0.09798127313362233,-0.09476455022117139,-0.10579910303087026,-0.08467001772785461
104,-0.08440109682665266,-0.10066791374930847,-0.1136679251599734,-0.08696525139345142,-0.09430722622245827,-0.09152303192553901,-0.09798127313362233,-0.09476455022117139,-0.10579910303087026,-0.08467001772785461
105,-0.08440109682665266,-0.10066791374930847,-0.1136679251599734,-0.08696525139345142,-0.09430722622245827,-0.09152303192553901,-0.09798127313362233,-0.09476455022117139,-0.10579910303087026,-0.08467001772785461
106,-0.08440109682665266,-0.10066791374930847,-0.1136679251599734,-0.08696525139345142,-0.09430722622245827,-0.09152303192553901,-0.09798127313362233,-0.09476455022117139,-0.10579910303087026,-0.08467001772785461
107,-0.0943303463659,-0.10066791374930847,-0.1136679251599734,-0.08696525139345142,-0.09430722622245827,-0.09152303192553901,-0.09798127313362233,-0.09476455022117139,-0.10579910303087026,-0.08467001772785461
108,-0.0943303463659,-0.10066791374930847,-0.1136679251599734,-0.08696525139345142,-0.09430722622245827,-0.09152303192553901,-0.09798127313362233,-0.09476455022117139,-0.10579910303087026,-0.08467001772785461
109,-0.0943303463659,-0.10066791374930847,-0.1136679251599734,-0.08696525139345142,-0.09430722622245827,-0.09152303192553901,-0.09798127313362233,-0.09476455022117139,-0.10579910303087026,-0.08467001772785461
110,-0.0943303463659,-0.10066791374930847,-0.1136679251599734,-0.08696525139345142,-0.09430722622245827,-0.09152303192553901,-0.09798127313362233,-0.09476455022117139,-0.10579910303087026,-0.08467001772785461
111,-0.0943303463659,-0.10066791374930847,-0.1136679251599734,-0.08696525139345142,-0.09430722622245827,-0.09152303192553901,-0.09798127313362233,-0.09476455022117139,-0.10579910303087026,-0.08467001772785461
112,-0.0943303463659,-0.10066791374930847,-0.1136679251599734,-0.08696525139345142,-0.09430722622245827,-0.09152303192553901,-0.09798127313362233,-0.09476455022117139,-0.10579910303087026,-0.08467001772785461
113,-0.0943303463659,-0.10066791374930847,-0.1136679251599734,-0.08696525139345142,-0.09430722622245827,-0.09152303192553901,-0.09798127313362233,-0.09476455022117139,-0.10579910303087026,-0.08467001772785461
114,-0.0943303463659,-0.10066791374930847,-0.1136679251599734,-0.08696525139345142,-0.09430722622245827,-0.09152303192553901,-0.09798127313362233,-0.09476455022117139,-0.10579910303087026,-0.08467001772785461
115,-0.0943303463659,-0.10066791374930847,-0.1136679251599734,-0.0889509825699533,-0.09430722622245827,-0.09152303192553901,-0.09798127313362233,-0.09476455022117139,-0.10579910303087026,-0.08467001772785461
116,-0.0943303463659,-0.10066791374930847,-0.1136679251599734,-0.0889509825699533,-0.09430722622245827,-0.09152303192553901,-0.09798127313362233,-0.09476455022117139,-0.10579910303087026,-0.08467001772785461
117,-0.0943303463659,-0.10066791374930847,-0.1136679251599734,-0.0889509825699533,-0.09430722622245827,-0.09152303192553901,-0.09798127313362233,-0.09476455022117139,-0.10579910303087026,-0.08467001772785461
118,-0.0943303463659,-0.10066791374930847,-0.1136679251599734,-0.0889509825699533,-0.09430722622245827,-0.09152303192553901,-0.09798127313362233,-0.09476455022117139,-0.10579910303087026,-0.08467001772785461
119,-0.0943303463659,-0.10066791374930847,-0.1136679251599734,-0.0889509825699533,-0.09430722622245827,-0.09152303192553901,-0.09798127313362233,-0.09476455022117139,-0.10579910303087026,-0.08467001772785461
120,-0.0943303463659,-0.10066791374930847,-0.1136679251599734,-0.0889509825699533,-0.09430722622245827,-0.09152303192553901,-0.09798127313362233,-0.09476455022117139,-0.10579910303087026,-0.08467001772785461
121,-0.0943303463659,-0.10066791374930847,-0.1136679251599734,-0.0889509825699533,-0.09430722622245827,-0.09152303192553901,-0.09798127313362233,-0.09476455022117139,-0.10579910303087026,-0.08467001772785461
122,-0.0943303463659,-0.10066791374930847,-0.1136679251599734,-0.0889509825699533,-0.09430722622245827,-0.09152303192553901,-0.09798127313362233,-0.09476455022117139,-0.10579910303087026,-0.08467001772785461
123,-0.0943303463659,-0.10066791374930847,-0.1136679251599734,-0.0889509825699533,-0.09430722622245827,-0.09152303192553901,-0.09798127313362233,-0.09476455022117139,-0.10579910303087026,-0.08467001772785461
124,-0.0943303463659,-0.10066791374930847,-0.1136679251599734,-0.0889509825699533,-0.09430722622245827,-0.09152303192553901,-0.09798127313362233,-0.09476455022117139,-0.10579910303087026,-0.08467001772785461
125,-0.0943303463659,-0.10066791374930847,-0.1136679251599734,-0.0889509825699533,-0.09430722622245827,-0.09152303192553901,-0.09798127313362233,-0.09476455022117139,-0.10579910303087026,-0.08467001772785461
126,-0.0943303463659,-0.10066791374930847,-0.1136679251599734,-0.0889509825699533,-0.09430722622245827,-0.09152303192553901,-0.09798127313362233,-0.09476455022117139,-0.10579910303087026,-0.08467001772785461
127,-0.0943303463659,-0.10066791374930847,-0.1136679251599734,-0.0889509825699533,-0.09430722622245827,-0.09152303192553901,-0.09798127313362233,-0.09476455022117139,-0.10579910303087026,-0.08467001772785461
128,-0.0943303463659,-0.10066791374930847,-0.1136679251599734,-0.0889509825699533,-0.09430722622245827,-0.09152303192553901,-0.09798127313362233,-0.09476455022117139,-0.10579910303087026,-0.08467001772785461
129,-0.0943303463659,-0.10066791374930847,-0.1136679251599734,-0.0889509825699533,-0.09430722622245827,-0.09152303192553901,-0.09798127313362233,-0.09476455022117139,-0.10579910303087026,-0.08467001772785461
130,-0.0943303463659,-0.10066791374930847,-0.1136679251599734,-0.0889509825699533,-0.09430722622245827,-0.09152303192553901,-0.09798127313362233,-0.09476455022117139,-0.10579910303087026,-0.08467001772785461
131,-0.0943303463659,-0.10066791374930847,-0.1136679251599734,-0.0889509825699533,-0.09430722622245827,-0.09152303192553901,-0.09798127313362233,-0.09476455022117139,-0.10579910303087026,-0.08467001772785461
132,-0.0943303463659,-0.10066791374930847,-0.1136679251599734,-0.0889509825699533,-0.09430722622245827,-0.09152303192553901,-0.09798127313362233,-0.09476455022117139,-0.10579910303087026,-0.08467001772785461
133,-0.0943303463659,-0.10066791374930847,-0.1136679251599734,-0.0889509825699533,-0.09430722622245827,-0.09152303192553901,-0.09798127313362233,-0.09476455022117139,-0.11553971961571477,-0.08467001772785461
134,-0.0943303463659,-0.10066791374930847,-0.1136679251599734,-0.0889509825699533,-0.09430722622245827,-0.09152303192553901,-0.09798127313362233,-0.09476455022117139,-0.11553971961571477,-0.08467001772785461
135,-0.0943303463659,-0.10066791374930847,-0.1136679251599734,-0.0889509825699533,-0.09430722622245827,-0.09152303192553901,-0.09798127313362233,-0.09476455022117139,-0.11553971961571477,-0.08467001772785461
136,-0.0943303463659,-0.10066791374930847,-0.1136679251599734,-0.0889509825699533,-0.09430722622245827,-0.09152303192553901,-0.09798127313362233,-0.09476455022117139,-0.11553971961571477,-0.08467001772785461
137,-0.0943303463659,-0.10066791374930847,-0.1136679251599734,-0.0889509825699533,-0.09430722622245827,-0.09152303192553901,-0.09798127313362233,-0.09476455022117139,-0.11553971961571477,-0.08467001772785461
138,-0.0943303463659,-0.10066791374930847,-0.1136679251599734,-0.0889509825699533,-0.09430722622245827,-0.09152303192553901,-0.09798127313362233,-0.09476455022117139,-0.11553971961571477,-0.08467001772785461
139,-0.0943303463659,-0.10066791374930847,-0.1136679251599734,-0.0889509825699533,-0.09430722622245827,-0.09152303192553901,-0.09798127313362233,-0.09476455022117139,-0.11553971961571477,-0.08467001772785461
140,-0.0943303463659,-0.10066791374930847,-0.1136679251599734,-0.0889509825699533,-0.09430722622245827,-0.09152303192553901,-0.09798127313362233,-0.09476455022117139,-0.11553971961571477,-0.08467001772785461
141,-0.0943303463659,-0.10066791374930847,-0.1136679251599734,-0.0889509825699533,-0.09430722622245827,-0.09152303192553901,-0.09798127313362233,-0.09476455022117139,-0.11553971961571477,-0.08467001772785461
142,-0.0943303463659,-0.10066791374930847,-0.1136679251599734,-0.0889509825699533,-0.09430722622245827,-0.09152303192553901,-0.09798127313362233,-0.09476455022117139,-0.11553971961571477,-0.08467001772785461
143,-0.0943303463659,-0.10066791374930847,-0.1136679251599734,-0.0889509825699533,-0.09430722622245827,-0.09152303192553901,-0.09798127313362233,-0.09476455022117139,-0.11553971961571477,-0.08467001772785461
144,-0.0943303463659,-0.10066791374930847,-0.1136679251599734,-0.0889509825699533,-0.09430722622245827,-0.09152303192553901,-0.09798127313362233,-0.09476455022117139,-0.11553971961571477,-0.08467001772785461
145,-0.0943303463659,-0.10066791374930847,-0.1136679251599734,-0.0889509825699533,-0.09430722622245827,-0.09152303192553901,-0.09798127313362233,-0.09476455022117139,-0.11553971961571477,-0.08467001772785461
146,-0.0943303463659,-0.10066791374930847,-0.1136679251599734,-0.0889509825699533,-0.09430722622245827,-0.09152303192553901,-0.09798127313362233,-0.09476455022117139,-0.11553971961571477,-0.08467001772785461
147,-0.0943303463659,-0.10066791374930847,-0.1136679251599734,-0.0889509825699533,-0.09430722622245827,-0.09152303192553901,-0.09798127313362233,-0.09476455022117139,-0.11553971961571477,-0.08467001772785461
148,-0.0943303463659,-0.10066791374930847,-0.1136679251599734,-0.0889509825699533,-0.09430722622245827,-0.09152303192553901,-0.09798127313362233,-0.09476455022117139,-0.11553971961571477,-0.08467001772785461
149,-0.0943303463659,-0.10066791374930847,-0.1136679251599734,-0.0889509825699533,-0.09430722622245827,-0.09152303192553901,-0.09798127313362233,-0.09476455022117139,-0.11553971961571477,-0.08467001772785461
150,-0.0943303463659,-0.10066791374930847,-0.1136679251599734,-0.0889509825699533,-0.09430722622245827,-0.09152303192553901,-0.09798127313362233,-0.09476455022117139,-0.11553971961571477,-0.08467001772785461
151,-0.0943303463659,-0.10066791374930847,-0.1136679251599734,-0.0889509825699533,-0.09430722622245827,-0.09152303192553901,-0.09798127313362233,-0.09476455022117139,-0.11553971961571477,-0.08467001772785461
152,-0.0943303463659,-0.10066791374930847,-0.1136679251599734,-0.0889509825699533,-0.09430722622245827,-0.09152303192553901,-0.09798127313362233,-0.09476455022117139,-0.11553971961571477,-0.08467001772785461
153,-0.0943303463659,-0.10066791374930847,-0.1136679251599734,-0.0889509825699533,-0.09430722622245827,-0.09152303192553901,-0.09798127313362233,-0.09476455022117139,-0.11553971961571477,-0.08467001772785461
154,-0.0943303463659,-0.10066791374930847,-0.1136679251599734,-0.0889509825699533,-0.09430722622245827,-0.09152303192553901,-0.09798127313362233,-0.09476455022117139,-0.11553971961571477,-0.08467001772785461
155,-0.0943303463659,-0.10066791374930847,-0.1136679251599734,-0.0889509825699533,-0.09430722622245827,-0.09152303192553901,-0.09798127313362233,-0.09476455022117139,-0.11553971961571477,-0.08467001772785461
156,-0.0943303463659,-0.10066791374930847,-0.1136679251599734,-0.0889509825699533,-0.09430722622245827,-0.09152303192553901,-0.09798127313362233,-0.09476455022117139,-0.11553971961571477,-0.08467001772785461
157,-0.0943303463659,-0.10066791374930847,-0.1136679251599734,-0.0889509825699533,-0.09430722622245827,-0.09152303192553901,-0.09798127313362233,-0.09476455022117139,-0.11553971961571477,-0.08467001772785461
158,-0.0943303463659,-0.10066791374930847,-0.1136679251599734,-0.0889509825699533,-0.09430722622245827,-0.09152303192553901,-0.09798127313362233,-0.09476455022117139,-0.11553971961571477,-0.08467001772785461
159,-0.0943303463659,-0.10066791374930847,-0.1136679251599734,-0.0889509825699533,-0.09430722622245827,-0.09152303192553901,-0.09798127313362233,-0.09476455022117139,-0.11553971961571477,-0.08467001772785461
160,-0.0943303463659,-0.10066791374930847,-0.1136679251599734,-0.0889509825699533,-0.09430722622245827,-0.09152303192553901,-0.09798127313362233,-0.09476455022117139,-0.11553971961571477,-0.08467001772785461
161,-0.0943303463659,-0.10066791374930847,-0.1136679251599734,-0.0889509825699533,-0.09430722622245827,-0.09152303192553901,-0.09798127313362233,-0.09476455022117139,-0.11553971961571477,-0.08467001772785461
162,-0.0943303463659,-0.10066791374930847,-0.1136679251599734,-0.0889509825699533,-0.09430722622245827,-0.09152303192553901,-0.09798127313362233,-0.09476455022117139,-0.11553971961571477,-0.08467001772785461
163,-0.0943303463659,-0.10066791374930847,-0.1136679251599734,-0.0889509825699533,-0.09430722622245827,-0.09152303192553901,-0.09798127313362233,-0.09476455022117139,-0.11553971961571477,-0.08467001772785461
164,-0.0943303463659,-0.10066791374930847,-0.1136679251599734,-0.0889509825699533,-0.09430722622245827,-0.09152303192553901,-0.09798127313362233,-0.09476455022117139,-0.11553971961571477,-0.08467001772785461
165,-0.0943303463659,-0.10066791374930847,-0.1136679251599734,-0.0889509825699533,-0.09430722622245827,-0.09152303192553901,-0.09798127313362233,-0.09476455022117139,-0.11553971961571477,-0.08467001772785461
166,-0.0943303463659,-0.10066791374930847,-0.1136679251599734,-0.0889509825699533,-0.09430722622245827,-0.09152303192553901,-0.09798127313362233,-0.09476455022117139,-0.11553971961571477,-0.08467001772785461
167,-0.0943303463659,-0.10066791374930847,-0.1136679251599734,-0.0889509825699533,-0.09430722622245827,-0.09152303192553901,-0.09798127313362233,-0.09476455022117139,-0.11553971961571477,-0.08467001772785461
168,-0.0943303463659,-0.10066791374930847,-0.1136679251599734,-0.0889509825699533,-0.09430722622245827,-0.09152303192553901,-0.09798127313362233,-0.09476455022117139,-0.11553971961571477,-0.08467001772785461
169,-0.0943303463659,-0.10066791374930847,-0.1136679251599734,-0.0889509825699533,-0.09430722622245827,-0.09152303192553901,-0.09798127313362233,-0.09476455022117139,-0.11553971961571477,-0.08467001772785461
170,-0.0943303463659,-0.10066791374930847,-0.1136679251599734,-0.0889509825699533,-0.09430722622245827,-0.09152303192553901,-0.09798127313362233,-0.09476455022117139,-0.11553971961571477,-0.08467001772785461
171,-0.0943303463659,-0.10066791374930847,-0.1136679251599734,-0.0889509825699533,-0.09430722622245827,-0.09152303192553901,-0.09798127313362233,-0.09476455022117139,-0.11553971961571477,-0.08467001772785461
172,-0.0943303463659,-0.10066791374930847,-0.1136679251599734,-0.0889509825699533,-0.09430722622245827,-0.09152303192553901,-0.09798127313362233,-0.09476455022117139,-0.11553971961571477,-0.08467001772785461
173,-0.0943303463659,-0.10066791374930847,-0.1136679251599734,-0.0889509825699533,-0.09430722622245827,-0.09152303192553901,-0.09798127313362233,-0.09476455022117139,-0.11553971961571477,-0.08467001772785461
174,-0.0943303463659,-0.10066791374930847,-0.1136679251599734,-0.0889509825699533,-0.09430722622245827,-0.09152303192553901,-0.09798127313362233,-0.09476455022117139,-0.11553971961571477,-0.08467001772785461
175,-0.0943303463659,-0.10066791374930847,-0.1136679251599734,-0.0889509825699533,-0.09430722622245827,-0.09152303192553901,-0.09798127313362233,-0.09476455022117139,-0.11553971961571477,-0.08467001772785461
176,-0.0943303463659,-0.10066791374930847,-0.1136679251599734,-0.0889509825699533,-0.09430722622245827,-0.09152303192553901,-0.09798127313362233,-0.09476455022117139,-0.11553971961571477,-0.08467001772785461
177,-0.0943303463659,-0.10066791374930847,-0.1136679251599734,-0.0889509825699533,-0.09430722622245827,-0.09152303192553901,-0.09798127313362233,-0.09476455022117139,-0.11553971961571477,-0.08467001772785461
178,-0.0943303463659,-0.10066791374930847,-0.1136679251599734,-0.0889509825699533,-0.09430722622245827,-0.09152303192553901,-0.09798127313362233,-0.09476455022117139,-0.11553971961571477,-0.08467001772785461
179,-0.0943303463659,-0.10066791374930847,-0.1136679251599734,-0.0889509825699533,-0.09430722622245827,-0.09152303192553901,-0.09798127313362233,-0.09476455022117139,-0.11553971961571477,-0.08467001772785461
180,-0.0943303463659,-0.10066791374930847,-0.1136679251599734,-0.0889509825699533,-0.09430722622245827,-0.09152303192553901,-0.09798127313362233,-0.09476455022117139,-0.11553971961571477,-0.08467001772785461
181,-0.0943303463659,-0.10066791374930847,-0.1136679251599734,-0.0889509825699533,-0.09430722622245827,-0.09152303192553901,-0.09798127313362233,-0.09476455022117139,-0.11553971961571477,-0.08467001772785461
182,-0.0943303463659,-0.10066791374930847,-0.1136679251599734,-0.0889509825699533,-0.09430722622245827,-0.09152303192553901,-0.09798127313362233,-0.09476455022117139,-0.11553971961571477,-0.08467001772785461
183,-0.0943303463659,-0.10066791374930847,-0.1136679251599734,-0.0889509825699533,-0.09430722622245827,-0.09152303192553901,-0.09798127313362233,-0.09476455022117139,-0.11553971961571477,-0.08467001772785461
184,-0.0943303463659,-0.10066791374930847,-0.1136679251599734,-0.0889509825699533,-0.09430722622245827,-0.09152303192553901,-0.09798127313362233,-0.09476455022117139,-0.11553971961571477,-0.08467001772785461
185,-0.0943303463659,-0.10066791374930847,-0.1136679251599734,-0.0889509825699533,-0.09430722622245827,-0.09152303192553901,-0.09798127313362233,-0.09476455022117139,-0.11553971961571477,-0.08467001772785461
186,-0.0943303463659,-0.10066791374930847,-0.1136679251599734,-0.0889509825699533,-0.09430722622245827,-0.09152303192553901,-0.09798127313362233,-0.09476455022117139,-0.11553971961571477,-0.08467001772785461
187,-0.0943303463659,-0.10066791374930847,-0.1136679251599734,-0.0889509825699533,-0.09430722622245827,-0.09152303192553901,-0.09798127313362233,-0.09476455022117139,-0.11553971961571477,-0.08467001772785461
188,-0.0943303463659,-0.10066791374930847,-0.1136679251599734,-0.0889509825699533,-0.09430722622245827,-0.09152303192553901,-0.09798127313362233,-0.09476455022117139,-0.11553971961571477,-0.08467001772785461
189,-0.0943303463659,-0.10066791374930847,-0.1136679251599734,-0.0889509825699533,-0.09430722622245827,-0.09152303192553901,-0.09798127313362233,-0.09476455022117139,-0.11553971961571477,-0.08467001772785461
190,-0.0943303463659,-0.10066791374930847,-0.1136679251599734,-0.0889509825699533,-0.09430722622245827,-0.09152303192553901,-0.09798127313362233,-0.09476455022117139,-0.11553971961571477,-0.08467001772785461
191,-0.0943303463659,-0.10066791374930847,-0.1136679251599734,-0.0889509825699533,-0.09430722622245827,-0.09152303192553901,-0.09798127313362233,-0.09476455022117139,-0.11553971961571477,-0.08467001772785461
192,-0.0943303463659,-0.10066791374930847,-0.1136679251599734,-0.0889509825699533,-0.09430722622245827,-0.09152303192553901,-0.09798127313362233,-0.09476455022117139,-0.11553971961571477,-0.08467001772785461
193,-0.0943303463659,-0.10066791374930847,-0.1136679251599734,-0.0889509825699533,-0.09430722622245827,-0.09152303192553901,-0.09798127313362233,-0.09476455022117139,-0.11553971961571477,-0.08467001772785461
194,-0.0943303463659,-0.10066791374930847,-0.1136679251599734,-0.0889509825699533,-0.09430722622245827,-0.09152303192553901,-0.09798127313362233,-0.09476455022117139,-0.11553971961571477,-0.08467001772785461
195,-0.0943303463659,-0.10066791374930847,-0.1136679251599734,-0.0889509825699533,-0.09430722622245827,-0.09152303192553901,-0.09798127313362233,-0.09476455022117139,-0.11553971961571477,-0.08467001772785461
196,-0.0943303463659,-0.10066791374930847,-0.1136679251599734,-0.0889509825699533,-0.09430722622245827,-0.09152303192553901,-0.09798127313362233,-0.09476455022117139,-0.11553971961571477,-0.08467001772785461
197,-0.0943303463659,-0.10066791374930847,-0.1136679251599734,-0.0889509825699533,-0.09430722622245827,-0.09152303192553901,-0.09798127313362233,-0.09476455022117139,-0.11553971961571477,-0.08467001772785461
198,-0.0943303463659,-0.10066791374930847,-0.1136679251599734,-0.0889509825699533,-0.09430722622245827,-0.09152303192553901,-0.09798127313362233,-0.09476455022117139,-0.11553971961571477,-0.08467001772785461
199,-0.0943303463659,-0.10066791374930847,-0.1136679251599734,-0.0889509825699533,-0.09430722622245827,-0.09152303192553901,-0.09798127313362233,-0.09476455022117139,-0.11553971961571477,-0.08467001772785461
200,-0.0943303463659,-0.10066791374930847,-0.1136679251599734,-0.0889509825699533,-0.09430722622245827,-0.09152303192553901,-0.09798127313362233,-0.09476455022117139,-0.11553971961571477,-0.08467001772785461
